<assembly
	xmlns="http://maven.apache.org/plugins/maven-assembly-plugin/assembly/1.1.3"
	xmlns:xsi="http://www.w3.org/2001/XMLSchema-instance"
	xsi:schemaLocation="http://maven.apache.org/plugins/maven-assembly-plugin/assembly/1.1.3 http://maven.apache.org/xsd/assembly-1.1.3.xsd">
	<id>ourAssembly</id>
	<formats>
		<format>jar</format>
	</formats>
	<dependencySets>
		<dependencySet>
			<excludes>
				<exclude>commons-logging:commons-logging</exclude>
				<exclude>log4j:log4j</exclude>
			</excludes>
		</dependencySet>
	</dependencySets>
	<fileSets>
		<fileSet>
			<directory>${basedir}</directory>
			<includes>
				<include>*.txt</include>
			</includes>
			<excludes>
				<exclude>AWESOME.txt</exclude>
				<exclude>LICENSE.txt</exclude>
			</excludes>
		</fileSet>
	</fileSets>
	<files>
		<file>
			<source>AWESOME.txt</source>
			<outputDirectory>/MyFiles</outputDirectory>
			<filtered>true</filtered>
		</file>
		<file>
			<source>LICENSE.txt</source>
			<outputDirectory>/License</outputDirectory>
			<filtered>true</filtered>
		</file>
	</files>
</assembly>