[ {
  "ad_Url" : "www.policybazaar.com/",
  "ad_Context" : "PolicyBazaar.com | Compare Insurance Policies"
}, {
  "ad_Url" : "www.policybazaar.com/",
  "ad_Context" : "PolicyBazaar.com | Compare Insurance Policies"
}, {
  "ad_Url" : "www.policybazaar.com/",
  "ad_Context" : "PolicyBazaar.com | Compare Insurance Policies"
}, {
  "ad_Url" : "www.trucompare.in/mediclaim/best-policy",
  "ad_Context" : "Top 5 Mediclaim Policies | Check IRDA claim ratio+premium"
}, {
  "ad_Url" : "www.policybazaar.com/",
  "ad_Context" : "PolicyBazaar.com | Compare Insurance Policies"
}, {
  "ad_Url" : "www.policybazaar.com/",
  "ad_Context" : "PolicyBazaar.com | Compare Insurance Policies"
}, {
  "ad_Url" : "www.policybazaar.com/",
  "ad_Context" : "PolicyBazaar.com | Compare Insurance Policies"
} ]