6f8453b0d9d2199f98c1992995a8445ad6837fd8,SOBYHAJ12A6701BF1D,SOJSTYO12A8C13F200
e4e99e5b3223bec258cf2ff0d090d05a06302344,SOIDDNJ12AC9071B90,SOKUAGP12A8C133B94
bc281e9299c877b533df33326547b127c5f8111c,SOGUFSP12A6702049A
624d58f26c2e5691ed21bd560f8b3d30f932e9f7,SOYQPNY12A6BD4D3C2
f4cb73ae983e98577f46deeb0cb49a7fbd2f690f,SOPWZGK12A67020744,SOWARJF12AB018959B,SOTJDDY12AB017DC5B,SOVAJLY12A6D4FDC72
841f98bb6dbee8d229767839a989d88eda9f7757,SOUCHPA12AB0184B1A
c6c57f27fed3cf897daa4f830a0e2a17e65ba77d,SOCMRWF12AB018AC92,SOJHUDN12AF72A7ACC
eb9d84c10ac4bffeb383a3a7c2d5207c93da4a84,SOLHXCQ12A6D4F403E,SOCHPLU12A8C13462D,SOYOMWJ12A6D4F6689
4208d4ac45e7caab7167a4ea6d34e759a6b9a1fc,SOJZRVM12AB0186D67,SOGNXEQ12A81C2302C,SOTEGWG12AB01897AC,SOULHTS12A6D4FAE9C,SOTVLHC12A6701EA31,SOMEJEH12A6D4FD320,SOEBOWM12AB017F279
69b7cacb67e4ab7aa9773b1e5010cc0fd98cc08f,SOJLSZE12A6D4F96A4,SOKUEJO12A6701F6CC,SOALITF12A6310DFCD,SOIBCIC12A58A7B55B,SOJJTAG12A81C23421,SOMRTUH12AB0185650,SONOMEC12A8C14541F,SOKSRAY12AB0183320,SOIZRER12A8C137A26,SOZJHUF12A8C13E642
dbfba347d43a6eb2ee3452ffaeec44b5bdb9f799,SOZDACG12AB01853BB
d11d53f1ebded8a07ed80d9c153ad862e168b0ff,SOOULRX12A8C137BFA,SOUYMPF12A58A7C78A
6f491449d83fd1d5eb3e7a9e6f3def9dc65e218f,SOADOQJ12A8AE45C7E
50e8b82d39627c1aef0df5ad97b4a66a629c8edc,SOJPLEQ12AC468A0CD,SOCZAXJ12A67ADE9FC,SORMOAU12AB018956B
35ed283ca7c23d7c55acca818f6e295934a04d4a,SONWUZV12AB0180BAD
fc604c906ec7bb98c494ef7659b0d3dc75503812,SOYRVSP12A6D4F907A,SOGJPMB12A8C13A9DB,SOASEMJ12A8C13C490,SONEWAX12AB018DD3F,SOKWRCB12A670214F5,SOEUTXF12A6D4FC6F8
51bb4e13b0d2410da3d779af90092eee9b159e4a,SOXBCZH12A67ADAD77
087b949b3fde63ddab83d61d4ba82a6f162bd50c,SOPHQPE12AB0183798,SOEGGET12AB017F441,SOZBANF12A81C23563
e188e309e19e0847a05156d6efecc04e4bff4fc7,SORJBJB12A8C13E711,SOSYXDE12A8AE45E45,SOHZMFE12A6D4FB412,SOEFSXD12AF72ACED4,SOLRGVL12A8C143BC3,SOWVBDQ12A8C13503D,SOEMTTQ12A6D4F990C,SOPKPFW12A6D4F84BC
98f6ec3ec16c5bcb3f37a6dc01ebb1110fb42f97,SOAJJDS12A8C13A3FB,SOOHLII12A67ADD886,SOWCKVR12A8C142411,SOSXRBR12AB017C294,SOKOXWU12AF72AD1BC,SOFZQDO12A6D4FB4F4,SOVRTPN12AB0184F9E,SOEPZQS12A8C1436C7,SOXXFFO12AF72AB662
0752faf858265a1daf5da0e50e41bce6187d0a47,SOYFMNU12AB0181435
610eaa449a4793ea791ff12252845f6002794c2a,SOBSGZI12A8C13F8DF,SOIEBXT12A8C1341E1,SOVULAV12A58A7C971
99d57b8925d3c30c534d2e651cc029fcaaa86cce,SORJOVT12AB018C4B4,SOCJCVE12A8C13CDDB
86cfbc3e656e30fa56e5fc3ec23d8afcfc11a22f,SOZYDZR12A8C13F4F0,SOWRGDS12A6D4F94EE,SOBHNKR12AB0186218,SOSVPIE12A6D4FA873
779b5908593756abb6ff7586177c966022668b06,SOINKUL12AB0188B02
0afcc0e9095c8efaa6efc60db63e5f3b7a5a5000,SOVTLQW12AB0186641
0dd93f61fe69f292ac336715ef607214efb3dbaa,SOUVGJL12AB017FC35,SOQWYAQ12A6D4FB9A3,SOLJTMU12AAF3B4C4D,SODCADR12AF72A1A99,SOWCKVR12A8C142411,SONNSYV12A8C146BEC,SOTWSXL12A8C143349,SOLRGVL12A8C143BC3,SOWUEQA12A8151BA81
95b2ebf54cd69d732fa433ee8994be5818793efb,SOKPSFX12A58A7B5CF,SOPJXEX12A8C13E664
54b96c7e5f266326271fac0f01b2e1dfba1fc876,SOEGIYH12A6D4FC0E3,SOSXLTC12AF72A7F54,SOBQWQI12A8AE45E55,SORNWVM12AF72A14ED
806ccae96c8ecb1c198482aff785ccd6bbe17143,SOEYVHS12AB0181D31,SOUSZSW12AB01800C2,SODGVGW12AC9075A8D,SOBADEB12AB018275F,SOSAXUZ12AAF3B2031,SONHWUN12AC468C014,SOSSRFA12A6D4F79DB,SOVWBYM12A6D4F8A22,SOUSMXX12AB0185C24,SORBBFV12AB017D710
7602b1490de8e5ce87ac674643a99d8a569d79f0,SOLUHHS12A58A81A6B,SORALYQ12A8151BA99
f8ae59c070d0b3fadc84c4d9f18475a61d7d37eb,SOEWAKD12AB01860D5,SOFEGST12A58A7D682,SONXRHI12A8C143D62
84bd2acb2984b6f1cbc45866b89e692cbc53fc44,SOVBRCP12A6701D7B5
b380327f11d2f9899c701f51b4731de3caf6b139,SODGVGW12AC9075A8D,SOMMUKQ12AB01801A5,SORALYQ12A8151BA99,SOADJQJ12A8C141D38,SOUOEMP12A8C13866E,SOSPXWA12AB0181875,SOCKSGZ12A58A7CA4B,SOIEBXT12A8C1341E1,SOEBOWM12AB017F279,SOGCWUH12AC90732B0,SOCVTLJ12A6310F0FD
80aa05e1251892949df7c7b1f61b6ce8ffa27aec,SOPTLQL12AB018D56F,SOAFTRR12AF72A8D4D,SOUSMXX12AB0185C24
645a5b400d31ce69611137da3ebd35d11d4dda4a,SOSJYDL12A679D7E6E
e859ed1b50bc1fd3a0fe3979bec8a633dfbfe344,SOMVPMN12A8C1437B7,SOWCCHF12A81C216F4,SOEBOWM12AB017F279,SOEHWGF12A6D4F8B2B
7d0317ddb859a960cb4836e7c7e9982a54fd64e2,SOSUWJE12AB0184567,SOFFEUI12A8C142F4E,SOSZCHD12A6D4F780A,SOVRXWW12A6D4F74D3
eb7e19974c5321dbf6f8c9c9c61f52db4681bd29,SOGSAYQ12AB018BA14,SOSHTTP12A8C13ACAC
edc4e3b50cb4f23282a157edc7ca7cf09afcc093,SOPFAVX12A8C1335A6,SOXMIUS12A8C13CD59,SOMWNJA12A58A7538F,SOFNWPK12A6310F131,SOCIGMX12A8C144150,SOUTFUZ12A8C13A862,SOQIOXQ12AAF3B2A37,SOCATVQ12A8AE46CF4,SOMBBMR12A8AE47FEA,SOSJEEG12A6BD5571F,SOXPFLM12A8AE48C50,SOEPWYH12AF72A4813,SOGWSEW12A8C1344E0,SOZKUDL12A8C1392B8,SOUGHFP12A8C13CD5D,SOCHEQE12A8C1402C1,SOYMIMI12AB0181E5C,SOLBOPH12A8C13FF22,SOGJWEA12A8151BD76,SOPDRWC12A8C141DDE,SORIJZB12A8C141241,SOFLJIY12A8C13FF69
66a0167a7c636b06efc39953aca127667beea260,SOPTLQL12AB018D56F,SOABJBU12A8C13F63F
db3a17db7eb306d986a13762abc118d7a508af19,SOJRFWQ12AB0183582,SOEHZUQ12A3F1EBC10
9c8bdd66608468fe0779a978765aa8760572c99f,SOTADIM12AB017EFC7,SOKXYUW12A8C140229,SOJGSFH12AB017EFC2
1b724b66314d54ad60efae79a106482072108afc,SOUWZPO12A6D4F83E3,SOUFTBI12AB0183F65,SOCHRXB12A8AE48069,SONBBTB12A6D4F7898,SOMESIV12A6D4FC6F2,SOFPXFY12A6701C5C3,SOVGPZH12A67ADA08ArZ
53ba380d234fd6022818340983570354ee207f6b,SOXUYUZ12A8C13A67E,SOSYDQC12A8C13A68F,SOWQMMX12AB017DBE2
179b2286bb4eea7193bcfa0c36fcfa4eade2b34d,SOVDSJC12A58A7A271,SOSXLTC12AF72A7F54,SONYKOW12AB01849C9
8bde0ae3eda6b6f26c8a91eb5750d416acb3d508,SOXRZRN12A6D4FA27B,SOXMARU12AB017CDF7,SOBONKR12A58A7A7E0,SOZCDWG12A6D4F81E1,SOGGNRH12A6310E1B0,SOCBOSF12A58A7B861,SOMCAFM12A58A7B024
4f18554aeb06f8d8612037549100d6d8d4afd021,SOEOJHS12AB017F3DC,SOJTLHS12A8C13F633
89b5eb4d62536570cbcf1dfe621f5d59125568fb,SOBOAFP12A8C131F36
a699816c7f4f8855808eee732a5cbd1620091998,SOKXQDO12AB017FD04,SOULZBG12AF729C36D
da3752e8cc04d3b335d4d1149df799fbd47237c2,SOZZVWB12AB0189C30,SOQGOPT12AAF3B2B27,SOVHPUT12A81C22A56,SOXKBAI12A8C133E4F,SOLARJV12AB018306B,SOABTTR12A6D4FC2EB,SOZYUGZ12A8AE472AC,SOFZXIO12A8C1362C9,SONMTMW12A58A7CEF8,SOQGKIY12A8C13BEBC,SOGTXWE12AC4687F2D
fa1e129119f9a5ca7b34d3566e6a8e7a0e0358bd,SOWWCNJ12A81C1FFA5
176b5e98c1f01dba146ce8c6e15cf6fc344485ec,SOUNZHU12A8AE47481
1a849df9dabb15845eb932d46d81e2fd77176786,SOYOAZI12A8AE46C83,SOEKGDE12AB0182795,SOWKQYL12AB0183B15,SOJJYDE12AF729FC16,SOHTKJE12A58A7A42E,SOBWSGV12AB018B5E0,SOSZIWM12AB0186DE0,SOLRBSH12AB018AE7B,SOPSYOY12A8C142E0B,SOYEOCD12AF72A192E,SOTWCDE12AB018909C,SOQGLFY12A8C13C23B
484b69dd013df1ec0cfd504886d4f647cb32b08f,SORGVYS12A8AE48882,SOOLKLP12AF729D959,SOSACAB12AB01876E4,SOGGVUA12A8C1454BE,SOEFHAF12A6D4FB311,SOMCWAZ12A67ADBCE3
dc7a0bb89d69e71780c33a9bf9084284fc294209,SOMPTCI12AB017C416,SOILUML12AB017FC20,SOLWAHM12AB018EBC8,SOTNWCI12AAF3B2028
6df4f5b910ef83ee016e0b210d8630719445c700,SOMYYIR12A6D4FA791,SOOBGSW12A6D4F9D51,SOYITRT12A6D4FA789,SOCHYVZ12A6D4F5908
9ae23008dc462f59a7e5ac74d9fb03cb106096dc,SOEYVHS12AB0181D31,SOPSOHT12A67AE0235,SOJGZXL12A6D4F2980,SOOFYTN12A6D4F9B35,SORJICW12A8C13640D,SOAEYBP12AB0184573,SOODHLO12AF72A1980,SOSJRJP12A6D4F826F,SOFRQTD12A81C233C0,SOOJJCT12A6310E1C0,SOWYYUQ12A6701D68D
7e2b716907a9a295d92c2f35d7e260aeee2b32cf,SOTELBF12A6701FA4A,SOXNSGR12AF72A1AA9,SOATJMN12AB0184D1E,SOKKUJN12A63110824,SOPRQRO12AB018906E,SOYFQVR12AB018ACA5,SOXQRDP12AB0184D02,SOOJCVS12AB01861A8,SOJZSUP12A6D4F73E1,SOMNGMO12A6702187E,SOQXRUN12AC4689E24,SOBCNJU12A8C13F270
a0128276010825ca58b3c9006311f1d2c6f2483f,SOLDTQC12A6D4F72E3,SODGJKH12AAA8C9487,SOPJJOP12A6D4F5B88,SOUOEMP12A8C13866E,SOXNOYN12A6D4FB4B4,SOYPJEP12A8C142AA9,SOTRELQ12AB01871C9
ffadf9297a99945c0513cd87939d91d8b602936b,SOMHWDR12A8C1380BA,SOEEIVU12A8C13F3CB,SOJJFMQ12A8C1380BF
99b5f915dd56a0150eb91605e1f6109e1e80c9de,SOPSOHT12A67AE0235
9fba771d9731561eba47216f6fbfc0023d88641b,SOPDKYX12A8C1457E5,SOMZTMR12A8C14177C,SOALEQA12A58A77839,SOVDLZN12AB0185BEA,SOGTWNK12AB018C396,SOCUARC12A6701E94D,SOVTDXZ12A6701E30F,SOODHLO12AF72A1980,SOUNNWW12AB018795D,SOBXVNE12A8C131DBA,SOKGFMX12A6D4F634F
1df33b965ac9afb508f1d36be3df999c2f0e5138,SOQZYQH12A8AE468E5
f00f83927e9e39cf1c1e318d5391a697523eef22,SOHYAJD12A8AE47C36
95942345306393998eb3a051ae5fa3c4d5afbaa4,SOEMRIK12A8C133722,SOELOOM12AB017DB4C,SOBDVAK12AC90759A2,SOSQIHH12A8C13370B,SOUSOOB12A8C13371F,SOLOFYI12A8C145F8D,SOEGVNQ12AC95F05B9,SOHFJAQ12AB017E4AF,SOIECKL12A8C140E88,SODEOCO12A6701E922,SOYOIMF12A8C135BF4
c2d86e9cbf756ce05ea3c163e24de394585b7c53,SORSGTV12AB017F6D5,SOOXRJG12A8C13773E
be68695bf20fc8a1365d138ed6b1e43b535df8cf,SONRHCE12A8C145C4F
5555d1bc4488a310753a9d7b4c4d0b92c2d5d674,SOFETST12AB018759C,SOSLDJP12A8C13AF4D
df7559a12676263dad3af310d99dccc15e382a72,SOXGQEM12AB0181D35,SOJLZXL12A8C145965
3fd3acaa8dfeb94b0602a33085b44ebe80545dd2,SOCJTXC12A6701E7EA,SOWGCMN12A8C136E44,SOUIESP12AB018283E,SOULHTS12A6D4FAE9C,SOUCPBK12A58A7881A,SOXEUDZ12A8C13145B,SOXWYZP12AF72A42A6
c379210476d2044769c5f421e392c690f5229757,SOKEEKD12AB0188B39,SOBOLEI12A58A7E386
d8cf86a2dd6406c0ca5e02d43982c82402fea60b,SOXONZC12A67ADF6DA
781d38e5e6029826707b207d7c2ef5c120fa36ed,SOQFEDG12AB018DD24
41c5b7e99173ee92361de263dfc0c5481e902c16,SOESTPV12AB01821F6
cdcd976fdc8ac6375a807dcaee28d36fe00b6118,SOYEZKY12AB018909A,SODJSAN12A6D4F7753
2091a91cb091b4174738dfa64bf7422605bc66a7,SOLGPOU12A58A7EA20,SOSXLTC12AF72A7F54,SOZKNSB12A8C140F11,SOODZZZ12A6D4F7567
49004e0f0819dc349c9aba9d233a6c1a0d88c590,SOVSQQE12A8C1327EF
d6589314c0a9bcbca4fee0c93b14bc402363afea,SOUDLVN12AAFF43658,SONHLJN12A81C2169B,SOVZHYS12A8C14663F,SOWWNDT12A8AE49A4C,SOULTKQ12AB018A183,SOLUHHS12A58A81A6B,SOOJJCT12A6310E1C0,SOFRCGW12A81C21EA6,SONYKOW12AB01849C9
855df4e3ccf28db6888768da0cd588c5daa7cb7e,SOLLIRG12B35055B4C
bd8475385f0aa78830fa6dfce9e7242164b035c8,SOXLKNJ12A58A7E09A,SOUTGUB12AB017DC5B,SOOBGSW12A6D4F9D51,SOGTDJQ12A8C13324F,SOKSLXL12A8C13F0D7,SOFLLNJ12A6D4FA78A,SOSDTGC12AF72A2BC3,SOWLIHS12A8C1437AC,SOBUBLL12A58A795A8,SOAXGDH12A8C13F8A1,SOWOMMY127F8096DF9,SOWDRRZ12A8C13AE89,SOQJNKS12A6D4FBF52,SOPQLBY12A6310E992,SOSBNIU12AB017CFEB,SOFBFVG12A6D4F61A7,SOLUHHS12A58A81A6B,SOFSIKY12AF72A0807,SOANQFY12AB0183239,SODLYRF12AB01861E0
3187e658fd71be99d68d96f3a61a436c8a607365,SOKRDTZ12A6D4FC72C,SOGQWTX12AB017FD78
ea9e916140454964041979c77e40b9c24ad189d2,SOQCGHN12AB0181246,SOFLJQZ12A6D4FADA6,SOPUCYA12A8C13A694
daebcdcf97caaf54a327b8ff52eca9f320599a10,SONIEQI12AF72A9822,SOEOVGV12AF72A1E27
116a4c95d63623a967edf2f3456c90ebbf964e6f,SODGTHG12AB017F730,SOBADEB12AB018275F,SOKKKZW12A6D4F7F88,SOAKMDU12A8C1346A9,SOJTLHS12A8C13F633,SOBONKR12A58A7A7E0,SOFRCGW12A81C21EA6
729162979d4c66c8d9b93652b30b8d9414ca06a7,SOSUZFA12A8C13C04A,SOJSUIS12A8C13BDC4,SOKBRAQ12A6D4F8FEC,SOWSXLZ12AB017BD9A,SOUJVIT12A8C1451C1,SOPUCYA12A8C13A694
d3d1a42ae9889e9a4b0d0d8a484e62eb5cd5f7be,SOQJHUW12AB0188A24,SOBRHVR12A8C133F35,SOPAOIH12A6D4F9321,SOAOQAM12A67ADE250,SOFPNOY12A8C134D40,SODKFFN12A6D4F7B58,SOCCEFN12A6701C548
fd13b9d49c54e00ff413fe3c095ba581c7fc611e,SOKTHPP12A8AE47F2A,SOJTLUY12A58A7D1E3,SOJDXLI12AF72ABB7E,SOSTWFY12AB01828AF,SOFPXFY12A6701C5C3,SOPEPDC12A6D4F7599
ee03697dfdf668a9cd19a44a6f257b9d6a1dc60a,SOIMRLG12A6D4F5031,SOVRGXP12AB017D2B9,SOAFTRR12AF72A8D4D,SOLRJZS12AB0180A9D,SOAYONZ12AF72A5DE3,SODMASJ12AF729E6FA,SOXVYWK12A6D4F8641
2418d6837aada8911991cc748bc70a9a479f0cb4,SOSYOHI12A8C144584
cc0ffb56aff5365d7f10d05174324a061c07f2e2,SORCAKN12A58A7A2CF
77448d704c1b9acc37037d400302ce7f8a9496c7,SOVNVRF12A8C14477B,SOTEKMT12A67AD954E,SOBKLTU12A58A7FB77,SOXWJCX12A6D4F81AF,SOWWJKM12A8C1358D4,SOIZAZL12A6701C53B,SOALMAS12AC468E8A9,SOXGIWN12A6310E0D8,SOLRGNF12AB0187CF4,SOGFUFC12A8C13F1E5,SOLVMWK12A6D4F9859,SODCNEE12A6310E037,SOZBZSY12A6D4FA404,SONLSWR12A8C136855,SOHUUFD12A6701DBD7,SOOGNOZ12AAF3B2936,SOTEFFR12A8C144765,SOZVCRW12A67ADA0B7,SOFBOXR12A6310F0FC,SOBJDVT12A6701E079,SOPZKGR12A6D4F3F3A,SODZJCH12A8C132ADC,SOOVANF12A6D4FA500
e63051684b17e6ac91aa4dc82036950231b2e630,SOFZUKC12AC468D4DF
3f9ed694a79835c921ef6d94acd28f876c1d901e,SOTQRPK12A67020473,SOVGLTY12AF72A39CD,SONXUQR12AB0186C9F,SOBOAFP12A8C131F36,SOLHFOM12AB017F654,SOBABSR12A58A7AD93,SOPXKYD12A6D4FA876
4d03c8ece064a369c8555af777b1524c458825a9,SOJYGJQ12AB017F577,SOLZXEF12A67ADE6BD,SOMRCAS12A58A7CB34
4c84359a164b161496d05282707cecbd50adbfc4,SOZARVW12A67ADAC26
c52c650431343b7a3f1e7d74cf4e404aa1e63745,SOOALOT12A8C13ABD9,SOVEUVC12A6310EAF1
905e0bb88e1f84e1e59a597218ab626ceb9c9f3e,SOVAEBJ12A58A7A364,SOAUXEN12A81C23960,SOIOSZH12A58A7B431,SOFDMLE12A8AE47DE6,SOVWADY12AB0189C63,
93235f9469ab99ee196f320d1336c4fb21ae8d59,SOWEJXA12A6701C574
fe76c9d535c5834e4a9b91c13e29be6460cb79c4,SOWXDVT12B0B80BFA3,SOMXQGH12A8C13CBEF,SOVJTTZ12AB017F48F,SOIXXSG12A8C13C400,SORVQQJ12A58A7E5DD,SOVGLTY12AF72A39CD,SOUHPCH12A8C1397DE,SOUOEMP12A8C13866E,SOHALKJ12AB017FCC2,SOZRNFS12AF72A3EB5,SOGCDYR12AC961854A,SOWCKVR12A8C142411,SOPQLBY12A6310E992,SOEBOWM12AB017F279,SOJXAMZ12AF72ABD3C,SOMBKJF12A8C1440B9,SOZDACG12AB01853BB,SOSISUP12AF72A2BD9
85d0d381551960608e02df98956277e495b3cf6b,SOYZZMQ12AF729A13C,SOZPLKR12A6D4F8421
5c597664c9e728cd776d8d4b9bc9823ea15abf6e,SOJXAMZ12AF72ABD3C
df576258e114403b482a2f27f2c5619df4c27a74,SOHTCVN12A8C134E46
0152fcbd02b172a874c75a57a913f0f0109ba272,SOZDTJE12A6701F2FE,SOOSADY12A6701F119,SOWFLJQ12A58A7A7D8
38c11af0c42bb21cf5b9ffb535f76c7967241b52,SOAKMDU12A8C1346A9,SOBFRNE12A6D4F7995,SOPGCOH12A8C139789
530b94ecae74ff525738bfd053f1bbee2a505078,SOSELMV12A6D4FCF5A,SOBWSGV12AB018B5E0
4691b4c353503da2c108e372ff056a9ac847c4d1,SOLDRGU12AB017C745,SOPXFGP12A8C13FA9F,SORALYQ12A8151BA99,SOXBZEQ12A8C14307F,SONNSYV12A8C146BEC,SOCVUET12AB01804C0,SOCZKYZ12A8C13C748,SODOLRB12A8AE47628,SOGCRXY12A8C1439FC,SOTWCDE12AB018909C,SOLZOBD12AB0185720
9d6f0ead607ac2a6c2460e4d14fb439a146b7dec,SOCVTLJ12A6310F0FD,SOPXKYD12A6D4FA876,SOZBZFF12A6310F12D,SOMRYYN12A6310F0F3
295773c4193b190d3527c6fcc228e879809fee1a,SOAOOOS12AB017F329,SOJCVSP12AAFF4438D,SOGVSOC12A58A7B0F7,SOESZWS12A6D4F910C,SOPGEXZ12AB0184DF5
b5ff5cffd4595f615009be55211c8b94d5afbcee,SOEWTBE12A58A7E7C2,SOTWNDJ12A8C143984,SOCQNLP12A58A7E91D,SOCDGOY12A8C1466ED
ff4322e94814d3c7895d07e6f94139b092862611,SOJQULL12A6D4F88A8,SOSHDXD12A8C1427A7
cd4566f790e053cccf8448fe1d126f3c4ef2e996,SOCLNOB12A8AE48670,SOVNQSI12A6D4FBE9D,SODJWHY12A8C142CCE,SOSMYQF12A6D4F570D,SOYYPON12A8C13C756,SOSYMWV12AB0184F86
17ac9905f03a5d2908ac64667fb156bf63ccae66,SOZBZSY12A6D4FA404,SORAHEE12AB0181B8B
2f343c8bd0502c4cf851a6970e47d296a4b76d5b,SONJKWC12AF729FA1B,SOAXGDH12A8C13F8A1,SOUCPBK12A58A7881A,SOOWVNN12A8C140775,SOKLRPJ12A8C13C3FE,SOAGFFD12AC909761F,SOYIWVC12A8AE47F31
b526db34ac055a64202fe7af4b16130b7de545ab,SOJJMAQ12A6D4F6833
ea824b9b2e5c9fd5916b1936f57ecb15899c9281,SORFVMQ12AB0184135,SOLVTSK12AB017EFCC
498479b43245566bc99bcf5473cc873bdeb940cf,SOIZZXF12AB0187C34,SOYEZKY12AB018909A
956044d724390e40c8511b49e5bf6bc28071de3a,SOYKTSO12A8C1381FB,SOGYTIV12A6D4FBF10,SOKUECJ12A6D4F6129,SOSHJHA12AB0181410,SOEVSUP12A670207BA
556557a7bf50b6d4105e3bba1ecb8daaff7969cc,SONIANS12A6D4F93C3
4e8a2e741cbd0f0c8e7e434e7c157a64eb00f3b2,SOMAIEW12A6D4F591E,SOPNBEZ12AB0185163,SOBZXCU12A67AE1818,SOCHYVZ12A6D4F5908
8b5fe07fc882a8f77e06a4dd61d3b199db2be6c1,SOUGCDK12AC95F075F,SOBJBEU12AF729D526,SOZBANF12A81C23563
c9238dfb9fb25e453c3b9166fdf85cb8d5cd7ff5,SOJZFQA12AB017BFB0,SORBBFV12AB017D710,SOLWHSJ12A67AE227B,SOXGTRO12A8C143454
7ef2a3b074b34984f3f677bddde0f1813486cc10,SOZXMYX12AB018A445
0f6b8ea5ba6f7df04932cee775b4fc2eb9281dbb,SOEMWNK12A67AD8797
debd7b5a906c947738a5b9f0c899709817643301,SOTWNDJ12A8C143984,SOMGVYU12A8C1314FF,SOCLMAD12AB017FC09,SOKLRPJ12A8C13C3FE,SOPUCYA12A8C13A694,SOUSMXX12AB0185C24,SOUVTSM12AC468F6A7,SOBONKR12A58A7A7E0
a35b5104fb1e002ba16dc72b1ccc1f908f9a131d,SOUCPBK12A58A7881A,SOHFNKO12AB017C772,SOWLFNL12AB017DB20,SOPLUBC12A8C142B6D,SONUEHX12AB017DB2C
dde4fa01de271d51a4a5617ae79820cee7d26d96,SOOUCOH12AC468D3EB,SOWYTGO12A8A9D93F5
cb8ed62245335312d58c97c1d5c68b4cac682afd,SOXQIUR12A8AE4654A,SOUCEBW12AB018A201,SOUZDWT12B0B80BC62
dc777dbe9ced6ddb5b813e7e0bbb718171b87870,SOEGZHD12A8C13BF3D,SOBONKR12A58A7A7E0,SOZHJKI12A81C2248F,SOFKABN12A8AE476C6
d370ea8c8bf4d08c34214abb7f17e482c2b774d4,SOZIBZP12A6701C434,SOBOAFP12A8C131F36,SOSZJFV12AB01878CB,SOYIOLG12A8C13E7FE,SOUKMKR12A8C141925,SORVHGJ12AB01883C4
5244eb3258e97f91b0d446215fa51717107e0d87,SOXCCYL12A58A7A428,SOGACXN12AB0188245
a520488fcf049bbb5cd847cfa4f884c740692780,SOGSMFF12A8C13F5F9,SOOEFJT12A58A7AD1E,SOXILLO12A6310F1B6
2475b003df9c084c1488b2e63666e8cc87112180,SONYYEV12A6701E109,SOKATYE12AB0188696,SOQTBXL12AB0183B3F,SOXRLDJ12A6D4FBB2E,SOLWRZI12A6D4FC4F0,SOTKTQG12A6BD5294E,SOBYDAA12A6D4F8847,SOCZDBN12A6701E4BA
57e32b0cf88d1e3344dab420971ba46d08dd34bd,SOCZAEG12A8C13F54E,SOGIDHJ12AB01800D1,SOZSQYV12AB018B652,SOXTSFL12A81C217DD,SOFVZRE12A8C139783,SOBCGRY12A6701DE8E,SOBONKR12A58A7A7E0,SONGBYX12AB017C891
66da9a2bd5b588e150e08ff9510b59fe30a4abcd,SOGIMXX12A8C144DE6,SOXFPND12AB017C9D1
a5684a503fb4e1079e0aa4ea223cdfa566bc1579,SOPLVFB12A8C141022,SOPXKWI12A8C143C7B,SOCJWZY12A67021D18,SONJNQI12A6310EDEE
c96a8e2a24091554ecc3250236acaf8cc09ab188,SOOHCUB12A58A7AD2C,SOIZFTE12AB0186842,SOVYTXK12AB01800F5,SORJICW12A8C13640D,SOSXLTC12AF72A7F54,SOZVVRE12A8C143150,SOHZPIK12A58A7CCAE,SOKGLXT12AB0184DCA
0ec9cc33028dff6209aa49bf645ef64bdcbe00fc,SOXDKEP12A6D4F910D
cd7baa603618c40b9290bd05112061afefdde8ef,SOTKWNM12A8C145B71
15cc706a7f24975ca831aaaf297bf0392746b3fe,SOQSUMQ12AB01821F7,SOFSETB12A8C134038,SOOAVGC12AB01821EC
019d0d1c7a01f8736ba59a124160e5fc70666db7,SOSYOHI12A8C144584,SOMHKOU12AB017B854,SOQCNFV12A6701D92A,SOAIUPE12AB0185750,SOUMOMJ12A6701DFDC,SOJQLQX12A6D4F8047,SOSYBEV12AB0182933,SOVFYIJ12AC468A8A5,SOHPAQA12A8C142220,SOPUCYA12A8C13A694,SOJSTYO12A8C13F200,SOZXVWK12AB018B865
1dbfe3d49c838f7e9e8a108f6afa037bed391910,SOEPZQS12A8C1436C7,SOGBFOO12A6D4FC933,SOMORYX12B0B80908A,SOULYQW12A8C13708E
a53daf8c24f79a519aa01696912d22321b2f803d,SOHGVQA12AB0186DC9,SOIOZHO12AB017FE5E,SOTWNDJ12A8C143984,SOCCFCY12AB01867F8,SOTIOJL12AB0184943,SOUUKBN12AB017FE5A,SOCNLEI12A67021565,SOWKKVL12A8C134D6B
a4a1daac7ba5534ade06e32c5b9d220eb5ce145d,SOWONQS12A6D4FC79A,SOKJKUJ12AF72A3618
f28f980d8842ebfaa31e8fb3939aace4a43a18ec,SOMVTRL12A67AE0921,SOABNLP12A6D4F87F4,SOHBFUU12A6D4F9DD8,SOTKNTF12A8C144A0D
8c0a675214831879573af98d632bf2684273e0d9,SOAQSZE12A8C145278,SOFXZAW12A67ADC90E
5da1733165ec293a994dcaf2246565443f714039,SOQCGHN12AB0181246
08d31ac4452516e702815fef13b2059aa8210034,SOZBZSY12A6D4FA404,SOBBKGF12A8C1311EE,SOUYPYF12A58A76897
5d5292006ba24728132385c17927c3ac00225498,SOOYQXS12A6D4F84B9,SOMCPUY12A81C2399A,SOEYYLH12A8C1330FE,SOXEUDZ12A8C13145B,SOTJPUL12A8C133126,SOSLQGG12A6D4F5045,SOGJFUU12A8AE47D26,SOJWPNH12A8C13F64A
7321eacd7dacb47f92f8a364b50df9946cd6e230,SOMCMKG12A8C1347BF,SOHFJAQ12AB017E4AF,SOIASJQ12AC468AF65,SOSXLTC12AF72A7F54,SODCNJX12A6D4F93CB,SOUDLVN12AAFF43658,SOSYOHI12A8C144584,SOBABRB12A6701DF4B,SONHWUN12AC468C014,SOQZYQH12A8AE468E5,SODOWUC12AC9097E76,SOREDMW12AB01871BB,SOWEHOM12A6BD4E09E,SOXLOQG12AF72A2D55,SOYJDRA12AB017F30D,SOADQPP12A67020C82,SONYKOW12AB01849C9,SOQCGHN12AB0181246,SOLGLUC12AB018A8FA,SOFVZRE12A8C13978,SOEPZQS12A8C1436C7
3a5d603a2f97a9c5af4d05fce82bff041559348a,SOBGQHH12A8151CAC5
c54663dd2b08fe7517f634545093581b8175a924,SOFWLKW12A6701EA62
1ee591a388274035a4fd8a4ae40a9589d320bb9d,SODGJKH12AAA8C9487,SOTFIZR12A8151CD78,SOVSCKX12A8C13D3E1,SOFGJCW12AF72A812D,SONZLFP12B0B80961B,SOLWAHM12AB018EBC8,SOKVTGU12A6701E7B1,SODPSYG12A8C145EBF,SOHJOLH12A6310DFE5,SOTVLQY12A58A798C2,SOECUDG12A8C13337F,SOSCIZP12AB0181D2F,SOJTLHS12A8C13F633,SOPTLQL12AB018D56F,SOXAQJS12AB018CBF7,SOCHTHF12AB017E206,SOLLNTU12A6701CFDC,SOUSZSW12AB01800C2,SOLGBMJ12A8C13941A,SOLFXKT12AB017E3E0,SOLERYX12AB018672C,SOOQIEK12A8C13EA1E,SODOWUC12AC9097E76,SODJWHY12A8C142CCE,SOABTTR12A6D4FC2EB,SOPRVKW12A6D4FD57B,SOCEWVG12A8C13DCC2,SOGCWUH12AC90732B0,SOURYDB12A8C135A6A,SOERYLG12A6701F07F,SOLRGNF12AB0187CF4,SOLVHIW12A8C13BA03,SOOSYBH12AB0181BE9,SORWLTW12A670208FA,SOULTKQ12AB018A183,SOVHDQC12A8C13D868,SOSLLGM12A6D4F6F2A,SOUSMXX12AB0185C24,SOAJXWO12A8C1436D0,SOGPBAW12A6D4F9F22,SONYKOW12AB01849C9,SODGVGW12AC9075A8D,SOWKQYL12AB0183B15,SOHRQFL12A6D4F3C8A,SOEKSGJ12A67AE227E,SOEHWGF12A6D4F8B2B,SONEYYW12AF72A2AA6,SOAXGDH12A8C13F8A1,SOPVQLJ12A67AE2281,SOKRAMY12A8C140804,SOODHLO12AF72A1980,SOWGXOP12A6701E93A,SOEQJBS12A8AE475A4,SOBPKPW12A6701E8F9,SOLXTPE12A8C13BCE2,SOQGVCS12AF72A078D
169f9f4c68b62d1887c7c0ac99d10a79cfca5daf,SOKUPAO12AB018D576,SOPPROJ12AB0184E18
93daed66184da1bf172e853c537f72ec93294fab,SOAIAAT12A8C145D49
e507a8acd03bbd1f6c2088bd70a0ab2ffb277cd7,SOEHLKV12A582915A8,SOGBXDU12AB018791F
523a8a39456d5a96ae8f4d5e8b8b60f3bfb31528,SOPNBEZ12AB0185163,SOHDYXC12A8C1380C1,SOZEACV12A8C131087
a1e5d316b5e5151d8079a063f5edb42fbb8d1aa3,SOLWRZI12A6D4FC4F0,SOSRIAT12AB017A92E,SOXXVSU12A8C133445,SODERTM12A6311081F
6427472ad76634402c0ec53efa2935ab6673b3aa,SONMTMW12A58A7CEF8,SOGSMTD12AB0181B7D
1a39cf33853fd23d2242cf7b13cc8eb445befdd7,SOBIXFH12A6D4F7823
d9f2ea75b38f548535caee41d2c0b0e3f9859b1b,SOTUCYL12A8C14487F,SOFRQTD12A81C233C0,SOGSAYQ12AB018BA14
497f5a58ffeaa953d619e95ca5b8736e74b99127,SOEWTBE12A58A7E7C2,SOMESIV12A6D4FC6F2,SOKLRPJ12A8C13C3FE,SOVVBPK12A58A810CA,SOVHYVB12A3F1EC277
b6c8205aeab398dbef83373e393cefa2ed61e33c,SOAMPRJ12A8AE45F38,SOBOUPA12A6D4F81F1
0007c0e74728ca9ef0fe4eb7f75732e8026a278b,SOWKRRE12A6702073E
d7f41adfaaa9ce6178371a8172c259775cfb82aa,SOQPGDF12AB01858C5,SOKTJKI12A8C143254
55e29789181da8b9c8e9d5f3b624a029492d7616,SOJXCUO12AB0180F5C,SOFUPGI12AB017C32D,SODORHA12A6701E746,SORJOVT12AB018C4B4,SOJAAYY12A8C13E631
7b9bce4c88f478500d4b5766acb1765f86983631,SOLMEOG12A8C142046,SOUOTLX12A6D4FA186
e06fdac28cdd1d69d89de27868d5f02f71c2ee44,SOXFMSM12A6D4F759F,SOUCPBK12A58A7881A,SOWLFNL12AB017DB20,SODUGQV12AF72A6803,SOOWVNN12A8C140775,SOPTLQQ12A8C1389A2
54f71502eca501e23380cbb9934f451694f1e20e,SOICNON12A8C140437,SOKLRPJ12A8C13C3FE,SODPSYG12A8C145EBF
5086e11a2b5495ba0737636a8f0732e845103770,SONDIKG12AB018407C,SOIFGCB12A8C134160,SOLJVRA12A8AE459E5
7d9d39d646e13c04e6bc8a89d0d05429d9b3fdf9,SOWNIWL12AB017B720,SONHXWK12A6D4F5926,SOGPBAW12A6D4F9F22
8247c08db9dba6cc18cff4381c7279e540c374cb,SOAXGDH12A8C13F8A1,SOFRQTD12A81C233C0
fed37c4c49c9f217b3371c2f2c0e7541656e55cf,SOZPAVC12AB01825E5,SOAOQAM12A67ADE250,SOQFKGJ12A6D4F902A,SOOCMSA12AB017F6BD,SOEHDTU12AF72A8BD5
896b3326a69e0b39762896c7499dc681da56ac67,SONZWDK12A6701F62B,SOHFGKG12A6701C429,SOCKSGZ12A58A7CA4B,SOGJMJH12A6702154D,SOSXLTC12AF72A7F54,SOPYJJA12AF729BBFD,SOIZLKI12A6D4F7B61,SOIOESO12A6D4F621D
08c129083a44492415e40b70d8f90755e15f4a91,SOQLNEY12B0B8062FA,SOKBOTR12A67ADE318
2ecb1e0b9acbb2070fe7cde895824c3922dc783b,SOCZHGO12A8151DFB7,SOKQDGA12A8AE47D53,SOAIQYM12A6701F507,SODKJWI12A8151BD74,SOGJWEA12A8151BD76
5ab56ead71b71022f7043fef70a178b7035629b6,SOAUFOF12AB0180C65
3d922caa4ba9b9e7e5d87bda2a0f0d532ada81ed,SOJSGZT12A58A7E75C,SOILLEE12A58A7D291,SORMFTN12A6D4FA92D
854c2f6006b851a8d0583d6947efefbeb7907199,SOJEBJO12A6701C322,SOYXXDL12A6D4FBF11,SOUUDLW12A8C13B90A,SOKDQQY12A6D4FBF14
681f1c40ec8538eb4d5d3c95b4aff1697bf6cda5,SOYVPTR12AF72A28BA,SOKRAHZ12A8C13F438,SONDJCU12AB017B729
19d6ebd8c8a622d1b0115c63bee06523792215b5,SOPABZM12A6D4FC668,SONQCXC12A6D4F6A37,SOKRYCJ12A8C13D0F0,SOJGZXL12A6D4F2980
85952991b8e3ca5803a08b0b2f9c6d71abf9bb5b,SOJTLUY12A58A7D1E3,SORALYQ12A8151BA99,SOVBAPB12A8AE48D82,SOXMARU12AB017CDF7,SOIEXJX12AB0187E15,SOEEION12AF72A21B1,SORCAZW12A8C1353A4,SOFLPEY12A6D4FD775,SONJJXC12A6701D7BD,SOVKECN12A6D4FD78B,SOKHMKE12AAF3B2A3E,SOSGYBL12A8C134C0B,SOVKTEK12AB0185DA2,SOUUZPU12A6701FB90,SOFKABN12A8AE476C6,SOQFIZU12A58A7944A,SOGKGDF12AF72A5DD6,SOHWKGN12A8C13AE45,SOWGIBZ12A8C136A2E,SOKXIEI12A6701C0BE,SOOOGVI12A58A7C1E2,SOVMGXI12AF72A80B0,SOZDTJE12A6701F2FE,SOPBRJY12AF72A4440
36ee240f72368a68fe8bbe74c72330f4550032c7,SOAAVUV12AB0186646,SONCBGG12AB0183F8E,SOJFTNX12A6D4F5D44,SOFSLOC12A8C13F8BD
4c96b97b22e0b53c270adc6165eaf64a2a48588b,SOPLAHV12A8C13D110,SOFCPOU12A8C13BF40,SOIWULR12A6702162B
383fea5bdcd02eee18613da5812302ef3eaa2aec,SOAEHEX12A8C13EFA4,SOSXLTC12AF72A7F54
cfe2597d65893dd89ca0d8395d11ef5a2cc4bd80,SOPTLQL12AB018D56F,SOUCKDH12A8C138FF5
c2289ef976862683593699ceaea8889f9da279b2,SOSKKVC12A58291BFE,SOUVGVC12A58A79ED8,SOCDVMQ12A6D4F71B0
c5c7548cba9970b695f1ade5164c11a0101eb00e,SOOLWEJ12AB0186DA4,SOWCKVR12A8C142411
beab889eff4a3493d8de6b962feeea8a1b5d62be,SOUSZSW12AB01800C2,SOIOFZH12A6D4FCE35,SOTEGWG12AB01897AC,SOVDSJC12A58A7A271,SOCBJHG12AB018221C,SOPGYCQ12A6D4FB4DC,SOOAFDW12A8C13325B,SOQWSRS12A58A7664B,SOQEXLO12A58A79D0E,SOXZUUK12A6D4F8EE3
0b03286244d1cb0662fefddade241f56a1bae573,SOTSHYT12A8C142868,SOOYTMS12A8C1380DA,SOPWRJY12A67ADE34C,SOTLVCL12AB0182D22,SOBJBEU12AF729D526,SOEQJBS12A8AE475A4,SOTJTQI12A6D4F75A2,SONYKOW12AB01849C9
0e2a5a5a473805d1a65ef7b9dc167942de56abab,SOVHKJL12AB017E2B2,SOXGQEM12AB0181D35,SONHVVE12AB018D038,SOQVZZH12A8C134BA5,SOPZKGR12A6D4F3F3A,SOPXKYD12A6D4FA876,SOLRGNF12AB0187CF4
fbc8b4327aa8ae38d17b567f486468ca10cacde3,SOSXLTC12AF72A7F54
ac1cb58f839ae6773732125e99b4a7394e0661e4,SOJPJMP12AB018047E,SOEIBBE12A58A7C909,SOBABRB12A6701DF4B,SOMGVYU12A8C1314FF,SOIWULR12A6702162B,SOLERYX12AB018672C,SONREBX12A8C142DBA,SOBUBLL12A58A795A8,SOQFEDG12AB018DD24,SOYGKNI12AB0187E6E,SOHXQWR12AF72AB9CD,SOPQQNK12A8C13BF46,SOOSJIV12AF729E09E,SOAKMDU12A8C1346A9,SOUFWFG12AC9072C7E,SOTWCDE12AB018909C,SOOSDMO12A6D4F80F9,SOFLJQZ12A6D4FADA6,SOABJBU12A8C13F63F,SOQBYQC12A8C143F2A,
3fef4e71c70ae99ef8a4da00e431f9cdb2b1b729,SOTKWNM12A8C145B71,SOQVUMH12AB018A755,SOPQZWR12AB018A761,SOUDVLR12AB0186980
49af82075bf3a444487a70587298fd93fb8bbe1e,SODYHYR12A6D4F933B
b81bead2912258259b67d88483244f88062d4a6d,SOIAUJJ12A58A7FD28
b009d2161ab50a122f8c81adb7ce0d40e8e42f2d,SODWXJW12AAA8C5C29,SOQAJJF12A8C145199,SOMNTMT12A8C1400F6
924aee632d58b1dd81c94cf71624dbaad40a2dac,SOIPYPB12A8C1360D4
96de646dade100899a06e48d7df20846652b888f,SOBRFPG12A8AE4837D
62c9cb65f8221a68b50fc60650fdcebc5904063f,SOQJDWF12AF729BD05,SOGNKVE12A8C13E9EE
88196b0f0c0d76e819237dd2853024263e6e1631,SOUZZLS12AB018A80D,SOOBOGX12A58A7C279,SONHLJN12A81C2169B,SOHWRJH12A8C139AFC,SOGRTRU12AB017E431,SOOTAAW12AB01874DF,SOGJNXJ12A6D4F9271,SOLWZVR12AB01849C6,SOCLMAD12AB017FC09,SOSPXWA12AB0181875,SOMYECL12A6701D9C8,SOSROFB12AAF3B4C5D,SOIXETL12A58A7B63F,SOALJAA12A6702085C,SOLIICC12AF72A64FB,SOALJBV12AB017FC3A,SOVDTMK12AB01829D3,SOCNLEI12A67021565,SOPJULC12A6D4F667F,SOTBVMH12A8C135E0E,
c68d59ba24af0df3f2c0332c9b8927fb68149b77,SOYFMNU12AB0181435,SODCLQR12A67AE110D,SOWYYUQ12A6701D68D
e3e9de8f712b435cdbe4e767ac2c414f585400f1,SOBOUPA12A6D4F81F1
671535e41cf20fc48311fccc5256aa1e18aca115,SOWEJXA12A6701C574,SOBRHVR12A8C133F35,SOIBLKQ12AB0183E85,SOPZKGR12A6D4F3F3A,SOLAUOW12A8C13A400,SOFRQTD12A81C233C0
0cbf94d3a3f54e5bbd779dd389c1155418b3aa56,SOXXJQK12AF729E5DB,SOLZEED12A6D4FA8C9
d2f7afe12fbd26fc2bed0039740fc6af579920c0,SOMPPAS12A8C13385B,SOFLJQZ12A6D4FADA6,SOMEIDU12AB0182205
77031dd03ce64b026eb7b12adc6ebbe96224c941,SOMGIYR12AB0187973
e701a24d9b6c59f5ac37ab28462ca82470e27cfb,SOQJJUV12AF72A3D3F,SODEAJC12A58A7769F,SOMLYJD12A58A7B155,SOLKSUY12A6701FBD3
f5e8cc6983d563ff255988b9ea0c53e67941f71e,SOWUTFF12A8C138AB2
bf30441e24ef5326354295723d9fe1edf59b8554,SONUNBG12A6D4F4A25
76bcebcaf7b1f20c857bb8a23d0030b086cf292f,SOGRRZD12AB018696F,SOSVDXO12A8C13EDB9,SOQTFOR12A6D4F612A,SOALRMF12A8C1436A7,SOMCAFM12A58A7B024
ec0bb33707cdc61a6999b41585a0e1f39d0ae6d3,SOYTDBL12A6D4F8148,SORRCWF12A8C1414F0,SOMCMKG12A8C1347BF,SOLSQLR12A8C1420E8,SOHJOLH12A6310DFE5,SOMRRQY12A8C1414FC,SOWFHCO12AB0189063,SOFRQTD12A81C233C0,SOLIDNF12AAF3B5756,SOQAEHC12A67020A41,SOGTDJQ12A8C13324F,SOEGIYH12A6D4FC0E3,SOUSOOB12A8C13371F,SOXGXKY12A8C13A405,SOVDLZN12AB0185BEA,SOYIUDO12AB01838F5,SOUGCDK12AC95F075F,SOOCICG12A8AE49309,SOJDPNR12A8C13C7AE,SOXWQUF12A6D4F9594,SONWWPR12A6D4FB657,SOKTJMZ12AB018C9A0,SOXIIIM12A6D4F66C8,SORMOAU12AB018956B,SOQZBYZ12A6701E7B0,SOAIQYM12A6701F507,SOGJMTM12A6310E17B,SOAKCFL12A6D4F9CC5,SOSZJFV12AB01878CB,SOCMNRG12AB0189D3F
be0a4b64e9689c46e94b5a9a9c7910ee61aeb16f,SONQEYS12AF72AABC9,SOHGBHN12A6701F082,SOEWHKY12A8C13E08C,SOCZAEG12A8C13F54E,SOARUPP12AB01842E0,SOHQFNK12A6701C0B9,SOEGIYH12A6D4FC0E3,SOWWMSE12A6701FC2E,SODASIJ12A6D4F5D89,SOZSFWF12A6D4F93D5,SOKLRPJ12A8C13C3FE,SOEBOWM12AB017F279,SOYHYDT12A8AE495F8,SOOLVCN12A58A79A73,SOXOECI12A58A7C4D8,SOUKMKR12A8C141925,SODBMRI12A8151AF45,SOGBLKU12A8C134292,SOWLCGF12AB018AC5E,SOCNAPQ12AAA15EE26,
282add3168f225622c21bdc8f0caca630411f373,SONQBUB12A6D4F8ED0
f6f0022738877d8b6627093f094b71fac8dae523,SOARUPP12AB01842E0,SOFPXFY12A6701C5C3
fb41d1c374d093ab643ef3bcd70eeb258d479076,SONSYTN12A67020962,SOBIQWH12A8C13BCDE,SOGPMUO12A6D4F6D31,SOGBZCK12A8C1362F6,SOHTKMO12AB01843B0
68155015599ef535e5ffc92cf55e3544c8f51d90,SOILFUU12AB017C75F,SOAFQGA12A8C1367FA,SOHNDIB12A58A79AB1
f4c7c7eb3c53d3280baa28aed1506775f28812d3,SOEJNFC12A6D4F979C
1bdf12b7ed9b9dbe2822970c7ed0bc669e558c3f,SOCKZGC1280EC90D76,SOLPIVB12A6701F118,SOTIEEP12A6701C779,SOUFTBI12AB0183F65
818d363c191b02180f51d8569eb65ee8f2bdf888,SOXGQEM12AB0181D35,SOGGNRH12A6310E1B0,SOUNZHU12A8AE47481,SONSQGU12AF72A2EDA
b12c786deef0e618b5f277bc337f67128f425efe,SOQIHFL12A58A79480,SOLVMXY12A8C131E36,SOMHMQW12A8C14098B,SOYVSHP12A6702016E,SOBZCTQ12AB0183220,SOEEION12AF72A21B1,SOOJCVS12AB01861A8,SOWHATW12A8C132857,SODMASJ12AF729E6FA,SOWMGHQ12A6D4F914D,SONVHYS12A6D4FBDF6,SOOVSUC12A8C13ED09,SOPAOQL12A6D4F9EC2,SOFLJQZ12A6D4FADA6,SODSESK12A81C2178C,SODZHIF12AB018D1D1,SOTDKEJ12AB0187AAA,SOAMDXO12A8C131E2F,SOXIIIM12A6D4F66C8,SORSGTV12AB017F6D5,SOCMIPA12A6310E961,SOWKEUN12AF72AB837,SOYPJMP12AF72A901D,SOSPGSO12AB017BCE3,SOJKAWG12A81C21781,SOJALCT12AB018613D,SOINDRZ12A6701DAF6,SOGAUOB12A58A7AAC8
7ee2550ad5867a0793a624eb1b3284e49639c45f,SOPKEIV12AB018220D
cb1a2953ca939209e26337a8d6d7c2716d6b4248,SOKRIMP12A6D4F5DA3
eb1ad31d040406c6428c5f4420b0bc709b1c5350,SOPBXPQ12AB01887E2,SOKPECC12A8C144E4A,SOHNVHC12A6D4F95AB,SOCRMJF12A81C22362,SOQCUTY12A8C144140,SOVZKPE12A8C14413B,SOJITNW12A8C13D951
b7e8058333e5cd56fce818c6701e354ca9350321,SOPSOHT12A67AE0235,SOETKSY12A8C13C666
4bbaaf451f51a4d62e3691f79cc82aa0c2d0e663,SOWCBKV12AC90732A6,SOGWJEY12AC9618862,SOTCWRK12AB017E47D,SOQPGDF12AB01858C5,SOVWBYM12A6D4F8A22,SOIYIMC12AC9097E45
38b3d1771dfbd0d8e2391ad3749f0bd93643210b,SOXCZGH12A8C13C4FE,SOBSRPU12A8C134E1B,SOWKVVW12A8AE45E8C,SORAHAG12AB0182BD0,SOJVPDY12AF72A1B04,SOQSPDJ12A58A7EC6E,SOKHHVK12A8AE48182,SOYCZLK12A6D4FA7B4,SOEYZTL12A8C140614,SOJPCYJ12A81C22380,SOFGTOC12A8C13B2A8,SOUFWFG12AC9072C7E,SOVKECN12A6D4FD78B,SOTGHQR12A8C1406C5,SOEDLKD12A8C1381F9
3851d01aa9d1b2505fa361b63940e8cdc9a3e754,SOLEPTI12A8C134A1A,SOGPNGN12A8C143969,SOMJWIV12AC468A5A0,SOGTQNI12AB0184A5C
94d5bdc37683950e90c56c9b32721edb5d347600,SOBPOHI128F57D02BF,SOANSPC12A6702154A,SOLFVON12A6D4F654B,SOHXSEH12A67020A2D,SOQHRKZ12AF72A8B39,SOMORYX12B0B80908A,SOPEOGA12AB017B694,SOJBCRP12A58A7E0E1,SONVPTP12A6D4F7A34,SONHVVE12AB018D038,SOSLZXV12A8C1354C9,SOIGZMC12A6D4F979B,SOCPTWE12A6701E2F8,SOPBZAX12AB018D8E5,SOTBVMH12A8C135E0E
03ccd6969d796607ca4e04cb120e56fceb823445,SOMHEVM12A58A80951,SOGKZXO12A8C13E3EE,SOKYVVZ12A8C13CC1F,SOOKGRB12A8C13CD66
249e86c60ec6fce5c8588d51fd94e85dd47ecff7,SOFNZIF12AC3DF5590,SOVKZMC12AB017E5CD
d7f7ead05fa700cc195dba2a5aa3e47cadcac4b0,SOUSKZE12A6D4FC70C,SOFEGST12A58A7D682
62f2f9b881dc320d745a90c0c10528d18e10deb1,SOEGIYH12A6D4FC0E3,SOPSOHT12A67AE0235,SOBONKR12A58A7A7E0
e934f5a246024dea38ed8067da83d50a67683e7a,SOZDACG12AB01853BB
b6b799f34a204bd928ea014c243ddad6d0be4f8f,SOOUCOH12AC468D3EB,SODLAPJ12A8C142002,SOGYKVS12A67020EDD,SOIBLKQ12AB0183E85,SOFRQTD12A81C233C0,SOYGHUM12AB018139C
c5ef1f72c52de43647ef960e6a1e0c53ae37ef02,SOJBZVF12AC3DF5728,SOWGXOP12A6701E93A
e9fd0bd8d99e77d97e8666cc6d065c1954040ddf,SOSDGUX12AB01802FE
25918b59c1b7ff80dff2e7ca5fd88912193b0503,SOFQMHG12A6701E781,SORJBJB12A8C13E711,SOBYZRW12A58A7ABF1,SONMOVN12A8C13C0C9,SODVSFY12AB017F8ED,SOGMLQO12A670207BF,SOEVQQZ12A6D4F968E,SOPASVK12AB0180CDB,SOHNDIB12A58A79AB1,SOIROON12A6701E0B8,SOCATVQ12A8AE46CF4,SOJSTYO12A8C13F200,SOBAUXH12A67ADD86C
bd4c6e843f00bd476847fb75c47b4fb430a06856,SOBDRND12A8C13FD08,SOCHBAJ12AAF3B3A4F,SOJGMYY12AB01809BE,SOHRQZQ12A6D4F81D2
899ad8c283d7ca9aadb84ad93a00d6cea50f1fd7,SOFPJGB12A8C143EA1,SOHEMBB12A6701E907,SOLWAHM12AB018EBC8
4c6ec11bf897c14a44f56a9616f0942764d28227,SOGPNGN12A8C143969
5a60fbe99993a5d49fe89dfcd36a39b7180316cc,SOAOSDF12A58A779F1
d35b0732c847a16b8a58beed5180e3287061b439,SOTIUQG12A8C1376C1,SOVLNGH12AAF3B2A28,SOPXLWJ12A8C132639
9d100b4175fed9da71b76800b921c4a40d0208b5,SOUNLPO12A6701FC5D,SOZSWRJ12A6D4FC3AB,SOSCIZP12AB0181D2F,SOFKABN12A8AE476C6
8c988121b42b7ea022387235373d874902025020,SOSHMSE12A8151BA42,SOZCDWG12A6D4F81E1,SOMCAFM12A58A7B024
28b232e7ecb32c47c05b795a017786d4be96ef7e,SOGTMYT12A6D4F98D9,SOCREPA12A67ADD15E,SONJILQ12A67020456,SOUOPLF12AB017F40F,SOCZDBN12A6701E4BA
d66f2f66f2bdc9aa3d0362a35fc91ccc844101f7,SOXZSEH12AC468CABB,SOSNSKM12A8C1382A1
90dbbbb47979f46ccdbc413d6b6e31cdb55aa58f,SODABFP12AB01845EC,SOLWRZI12A6D4FC4F0,SOVPBLT12A6D4F5113,SOKKKZW12A6D4F7F88
12768858f6a825452e412deb1df36d2d1d9c6791,SOJJBVA12A58A78A79,SODACBL12A8C13C273,SOEBOWM12AB017F279,SOIPYDT12A6701F992
7d9b58502405c5bbbfff0c5683cb2dea71089908,SOXKVVO12A8C13FC42
ed3be4ef883a2a7abeb2342527a55c709b780a1b,SOEFBYT12AB01842B2,SOEPWYH12AF72A4813,SOODXFF12A8C13A21C
134f64ac7c45b7b2808574df0cef33f96cf54b73,SOCHEQE12A8C1402C1,SOXUYUZ12A8C13A67E,SODKJWI12A8151BD74,SOCZUBU12A8C1311DD,SORQVPO12AF72A690C
c78aa603dd64a81573f6050edf759bbc43bf7776,SONIMNU12B0B8092AB,SOIIQPJ12B0B807AF4
70161ddbb03f14a972c47bcbcd883475b84a81a1,SOVAGPG12AB0189963,SOEIWVQ12AB018213F,SODRFRJ12A8C144167,SOQIZBA12A6D4FA70F,SOBVKFF12A8C137A79
ed0f4979ffddc0010244638a3b956510624dc6a9,SOGJNXJ12A6D4F9271,SOARFGZ12AB017AFCD,SOLYPIH12AB018814F,SOSHKKT12AF72A1ACF,SOCAPQV12A67021501,SONQUQF12A8AE476D3,SOKPQMB12AB018750B
9c2032efba612bccec98435a3928b67d69350bed,SOLFXKT12AB017E3E0,SOXLIIZ12B0B807997,SOEHHJG12A6D4F968A
37a8e0d8e4fc8cc03be56671e063af20237d6019,SONUHTD12A81C2173E,SOWTYVO12AB0180BDA,SOEIYMA12AB0186DF2,SOOFXJN12A8C14317D
b3600138c3d96e91c3c763d235a4615155eb5e86,SOSSNRI12AB0182B1A,SODCFRT12AF72A2C2C
c4bcf00d005e6848a032d94f7fb212f499cdc1ba,SOIMRLG12A6D4F5031
2aa991d816553f172338ba4834193aba92abb4c3,SOMYAYY12A8C13E667,SOWVRVI12A6701E0B4,SOTNEEA12A6D4F7F8D,SOJWBZK12A58A78AF7,SOWBNGK12A8C143932,SOAYETG12A67ADA751,SOQOQQI12A6D4F7F9B,SOGPBDO12A6D4F7F85,SOGFKJE12A8C138D6A,SODYVMM12A8C1353B6,SONOZVC12A8C146161,SOIDFMK12A8C14616C,SOMUWFQ12AB0184608
719e0f56a1c53db06e92637c54c33826f698aa55,SOFQFWN12A58A7A84E,SOPJULC12A6D4F667F,SOSVAQT12A58A7EADC
e0388a836f13f4c1f8aa600ae61625f087f40353,SOCEMSF12A8C145464,SOHTTNB12A8C1357E9,SOINYMI12A8C13C3F8,SOTKYBW12A8C13C3EA
2c42e6551311710ca5a839d62058820a42ead493,SONIEQI12AF72A9822,SOUGLIK12A8C143DF4
c2cffe9ccaa09a327e8134e9a1f24901801fb2f8,SOARUPP12AB01842E0,SOWXDVT12B0B80BFA3
745cf1e37e3f3bd8aaa5af509b566ff643aad4ff,SOSSFAK12A8C1433B7,SOLVSWA12AF72A2C5F,SOKMHKY12AF72AB079,SOQMLVU12A6701F8ED,SOADQPP12A67020C82,SOIOESO12A6D4F621D
c24ec42f0e449ff39a95a01f0795f833b898f71b,SOWCBKV12AC90732A6,SOWLFNL12AB017DB20,SORZCTH12A6D4FB0BD,SOILFUU12AB017C75F,SOXWYZP12AF72A42A6,SOYEZKY12AB018909A,SOOJJCT12A6310E1C0,SOAVFLR12A8C138576,SOWEJXA12A6701C574,SOPWRJY12A67ADE34C,SODOWUC12AC9097E76,SOUFPNI12A8C142D19,SOAAVUV12AB0186646,SOERYLG12A6701F07F,SOKEUYU12A67ADF7E6,SOBKXDF12A67ADF7EC,SOGWJEY12AC9618862,SORWLTW12A670208FA,SOUKMKR12A8C141925,SOTJTQI12A6D4F75A2,SOFKABN12A8AE476C6,SOCJWZY12A67021D18,SOCANXR12A8C13898D,SODCADR12AF72A1A99,SOZMJFG12AB017BDAF,SOYMIMI12AB0181E5C,SOKKUJN12A63110824,SOOSVDW12AB017E3B8,SOADOQJ12A8AE45C7E,SOMYXWV12A8C14232E,SOYFMNU12AB0181435,SOPQLBY12A6310E992,SOAFQGA12A8C1367FA,SOIPYPB12A8C1360D4
5754f85d21738eef9974685227d6243e3ed617fe,SOYCHDB12A8C13F2C8,SOFTSRG12A6D4FA7EE,SOTUILE12A6D4FA444,SOPQLBY12A6310E992,SODEOCO12A6701E922,SOZAGKC12AB018CC0F,SOCVTLJ12A6310F0FD,SOXAQJS12AB018CBF7
d775b2f1e62284a3ff407b91fe53d08525f6f086,SOOPGJQ12A81C219C1,SOLPTVW12A8C13F136
e8612acfb1572297ea0eaaa1f27927d55fdcec65,SOXLHKI12A6701E16D,SOPXFGP12A8C13FA9F,SOOLULU12A6701FBC4,SOILFUU12AB017C75F,SOLRGVL12A8C143BC3,SORNWVM12AF72A14ED,SOVEUVC12A6310EAF1,SOUSLAH12AF72A18BD
fbd14aa950314d4ea7f64c50f8b357d364a5b94c,SOSJRXV12A8C136E1B,SOZZTNF12A8C139916
343fc3fb987ca12c3c5df154c2b4721ca111f696,SOBONKR12A58A7A7E0,SOSXLTC12AF72A7F54,SOAUWYT12A81C206F1
884209a41deb55df792f074bccf8af1c1c31768b,SOTBRIU12A8C13ED4F,SOZGDUH12AF72A6DB2,SOGJPMB12A8C13A9DB,SOAOQAM12A67ADE250,SOJLJQK12A6D4FC6E9,SOTORXA12A58A79338,SOYLDJC12A6701E2FF,SOKNWRZ12A8C13BF62,SOANUKH12AB0182B83,SOFCMTS12AB0189B48,SOXMCEI12A8C132688,SOMOVIW12A63110846,SOMZVGZ12A8C140EFF,SOGCBQL12A67ADE302,SOOSADY12A6701F119,SOLYEOF12AF72A60AC,SOZORGY12A8C140382,SOAQKGW12AB018BE11,SOCXMRE12AB018AE72,SOXILLO12A6310F1B6,SODUANR12A6D4F5036,SOMNXML12A6D4F8386,SOTARUJ12A8C13B0DA,SOEYKXB12A8C1346BC,SODEYDM12A58A77072,SOJKAWG12A81C21781,SOVRQIK12A6701F118,SOMQCVJ12AB018AE7F,SOOIZTZ12A6D4FBDC7
276aff7e222be66e5e69298f631c726907afa1cf,SOEGIYH12A6D4FC0E3,SONEJIJ12AB0185727,SOVHUFT12AAA15FD32
e07a79f2d3e0db17991f6eb8d5a3314e22795748,SOSTLBB12A8C13E3DB,SOBOUPA12A6D4F81F1,SOOVXPC12A6D4F7457,SOFBBZQ12A8C134EDB,SOUTFUZ12A8C13A862,SOUOECO12A6D4F5C6F
7dd192c8bd4f27f573cb15e8656442aadd7a9c01,SOXYFWQ12A6D4F6863,SOQGOPT12AAF3B2B27,SOSTLLM12A81C21647,SOTVLHC12A6701EA31,SOCBWRP12A8C1311DB,SOSLQQJ12AB017BDCC
8f241c98c6cc95ab4a8260ff9b510c2e445a33d7,SOOGNOZ12AAF3B2936,SOFCPOU12A8C13BF40
73d0a0c725c9b2c541635672bb0572bfcb7eb2b4,SOJVRVE12A8C1353D0,SOFQFWN12A58A7A84E
5235516080c0ad60972e4f4ce72238697e4bbceb,SOSQJWM12A6D4F79E0
e697f7b095a4f7cd83f00575741cf5d1a1850b37,SOGIWFN12AB01884AD,SOFKSOJ12A67020919,SOTWCDE12AB018909C,SOIZAZL12A6701C53B,SONYKOW12AB01849C9
c3953e49b785c940f53a556abd9ca681c5ef48c5,SOIOGJV12AF729DBA4,SODGXON12AB0181746,SOOCSWQ12A8C143B7C,SOGCRXY12A8C1439FC,SOYINGU12AAF3B3314,SOGVKVI12A58A7C1E9,SOUNUNQ12A58A79992
faaa026f32172ae9b0ca52136787cc61fd4c4250,SOFPJGB12A8C143EA1
7c86176941718984fed11b7c0674ff04c029b480,SOLLNTU12A6701CFDC,SOQCGHN12AB0181246,SOBOUPA12A6D4F81F1,SOPCVQE12AC468AF36,SOWCKVR12A8C142411,SOFZQDO12A6D4FB4F4,SOSCIZP12AB0181D2F,SOADQPP12A67020C82,SOGPBAW12A6D4F9F2
cc55e399781439435a046bcb1a4c78dc2c7ec0f3,SOWOMMY127F8096DF9,SOMLYJD12A58A7B155,SOYFQVR12AB018ACA5
8deca80c3da6024a1456e123308eb94fee1b439f,SOSIUBJ12A8AE48524,SOZOIUU12A67ADFA39
95773b3725a96464c85a5121d00f2566e6e8b69b,SONHVVE12AB018D038,SORCAZW12A8C1353A4,SOEQLJP12AB018FBC5,SOPGCOH12A8C139789
47cdb865650adf1e789b8cf2649d73e17dfe27b7,SOEWNJA12A67AE110B
d9f1290b068e09c6516cdfe115277cf24c3ae293,SOWWWFF12A6701C7EB,SOMUHBT12A58A7E5F0,SOTTTEQ12B0B80CA01
de4b6bc067e53e24a479ce0672a11af971c31c08,SORHLNA12A6701F0B6,SOJOZTM12A8C140618,SOMQHZK12A6D4F8074,SOAXGBS12A6310E17A
5696bf760215a24ba6f381b8e466828131ddf13b,SOWPRYI12A58A7B51A,SONNSYV12A8C146BEC,SOMMONH12A6D4F41CD,SOSJDQJ12A8C13D4A9,SOXTYBL12AB01887BB
adf6a9704716ca63c98f81472a27ffc3523cf683,SORENUH12AB0180C8D,SOVDSJC12A58A7A271
f17b1b6f0e2dd48d2d0ffde4db7c5b385b8ec253,SOSAUVD12A67ADE6AE
61b5c914308cf06f29ecdf036e05aade87d48d47,SOXNZOW12AB017F756,SOAGNRU12A58A7AC5C,SOROOFM12A8AE48536,SODGVGW12AC9075A8D,SOHTKJE12A58A7A42E,SOXEYIE12AB0180212,SODAIMX12A6D4F74D6,SOSJFDH12A8C143096,SOITRPB12A679AE5B2,SOSCIZP12AB0181D2F,SOUSMXX12AB0185C24,SOVRXWW12A6D4F74D3
2a0bfd858b2ed706d390d5b6562b8fafe26092ba,SOCAIKQ12A6701E578
20d0638c7ada27ac12346b0ed5ab99b39524291d,SOSYOHI12A8C144584,SOBSKOP12AF72A24AD,SOZPQXP12A8C1301ED,SOFLJQZ12A6D4FADA6,SODWVWI12A81C21791
581d7afe5a36f20d00d5a1ec2e7bb36a0135ce4e,SOHRQFL12A6D4F3C8A,SOARTRF12AB0181F4D,SOGDTQS12A6310D7D1,SOKHQPR12A67ADD3DA,SOXAAFS12A8C14041D,SOMNDXJ12A6D4F8143,SOTHQRU12A58A78698,SOUGMXP12AB017C76C
c02a859df7a3f893cf6ec3eb1f3e1bdd6b6f3065,SOKUPAO12AB018D576,SOMGVYU12A8C1314FF,SOPKGJJ12A8AE4883C
e427f647c231c1bde8881eca5b2f5db9b3bcb2b4,SOKOXWU12AF72AD1BC,SOLKSUY12A6701FBD3
b64cdd1a0bd907e5e00b39e345194768e330d652,SOBIQWH12A8C13BCDE,SOHDSVJ12A6D4F93FF,SOBDMNP12AF72AB1E1,SOAFTRR12AF72A8D4D,SOQXKUV12A6D4FB4C9,SOVLJHG12A81C21AA0,SODAQMD12A8C131D57
2c4c75973ea3c0f2f2443ad03f0b89b3af922274,SOUVGJL12AB017FC35,SOYGKHG12AB01804C8,SOCOIXX12A58A7B7F8
43683da3c6c5a93c7938ff550faf0d039a9a639a,SOJVYIK12A67ADBACE,SOUSOKG12A58A7AC15
b96f2a9cbd9d86b4f9f15978dd3abbdfafe26502,SOZDTJE12A6701F2FE,SOYUCVV12AB018B35A,SOIGCPA12A58A79382
f44d8770d07911d66c10c60da16c46b792adc894,SOGEKGR12A6D4F81E8
10e1c96eeaf82f3076fe31bed9a67bb733ef9ff5,SOJGVYV12AB0185D3A,SOJJTAG12A81C23421
e22fcdc5244cb450ca181d72f293229b5e02249c,SOMQHZK12A6D4F8074,SOYEKNS12AF729EE18
a4851161aef67246972269b957ab54be3b002c8b,SOAHLGV12AF72A6DFC,SOAMIQK12A6701D94F
d78ac5a502737fc0da12fe564b14654f58d87466,SOYYKLS12A8C134802,SOADJQJ12A8C141D38,SOMYXWV12A8C14232E,SOCFIUI12A81C23E48,SOEMUXL12A58A7B848
340859101b5970bf435a1ecb8c40652a428de8ee,SOTXEXP12AB0188DF5,SOAVFLR12A8C138576,SOXZOMB12AB017DA15,SOSZJFV12AB01878CB
298046102e1a580f22be28ca99ffd1c6c35db1bb,SOADQPP12A67020C82,SOQCGHN12AB0181246,SOMGVYU12A8C1314FF,SOQZYQH12A8AE468E5
1012ecfd277b96487ed8357d02fa8326b13696a5,SOPGCOH12A8C139789
7ca1d6d28c87f8edb0b639c0a31cd14f7bc98fe7,SORAHAG12AB0182BD0
5424fc827e23610ac5378b63b33a1fc1156bc40c,SOHQIBR12A6310E0ED,SOIHBBD12A6D4F8EE9,SOWKEUN12AF72AB837,SOLFHTQ12A58A7C18E,SOYCQFR12A6D4F8EEA,SOIJLDG12A8C135B96,SOHJOLH12A6310DFE5,SOMLKDU12A6D4FA5D6
8ee90038724c4957eb4df16f3e9c6ed2b570a3ec,SOKXMHW12AF729EAA6,SORIEXB12A6D4F824D,SOXHUQJ12A8C13C50E,SOOXLND12A6D4FE36E,SOHWVJJ12AB0185F6D
abb000feb50180aa9db8438a80c0359823eb9366,SOYJPNY12AB01869CC,SOTWNDJ12A8C143984,SOTTTEQ12B0B80CA01
3ce7067b513365723918990494043ba6ad12fbc8,SONHWUN12AC468C014,SOAFTRR12AF72A8D4D
f47116f998e030f2dab275b81fb2a04a9dc06c33,SOPTLQL12AB018D56F,SOLTAEJ12A8C13F793
2aa3b8c9f60070025940183cdd44602086d7b535,SOSDNSV12AB0181074,SOJZEXX12A6D4F6247,SOUQNGY12A81C2237B,SOEDLKD12A8C1381F9,SODRVBA12A58A7F235,SODLAPJ12A8C142002
063ef0cd02c950d0fe5799257907d85c0d341470,SOALITF12A6310DFCD,SOUSOOB12A8C13371F,SOGECRB12AB018C9AB,SOIVPRW12A6310F237,SOGKMRO12AB0180FE0,SOVRTPN12AB0184F9E,SOINYMI12A8C13C3F8,SOADISH12AB018DFAC
d3603accdfbc59f5e5c8d32dd3b3f45788756168,SOKXHKF12A6D4F863E
36885419d8380902f7f3cc3821d8ed282e6e1600,SOBKKUJ12A6D4FC8AB
3f152d355d53865a2ca27ac5ceeffb7ebaea0a26,SOSKYPB12A8C1401F4,SOWDFPK12AF729B19A,SOQEPOY12A58A7CEE9,SOZNAJF12A8C13EDD0,SOTWSXL12A8C143349,SOLXBUP12AC3DF851F
fb6548e795d1c866f3079619da22fbcf1360e5a4,SOBOUPA12A6D4F81F1,SOUSMXX12AB0185C24
8814f5d1f1d7177aa2efb6de6454504f3bb7b7bc,SONTFRJ12A58A7EEC6
bc3bc88934db1d20cac25a96a9f1c057b98e679d,SOFRIRU12AB017E62D,SOMYXWV12A8C14232E,SOIRNVI12A58A7C069
2a294bd589db99006b60495697de1f4c3666e1a5,SOSUZFA12A8C13C04A,SOHVUZY12A8C133AA1,SOBNVRV12A6D4F7F68,SOUNNWW12AB018795D,SOHYWRK12A8C13D117,SOOGNOZ12AAF3B2936
9d84d1bcfde6464c02561fbb5dcb294678778b25,SOJBZVF12AC3DF5728
e6fbcdd689ac0e85992536933f1f86503310447f,SOAEHEX12A8C13EFA4
6beb4699102775dab57aa406c5ea1217c4ff4869,SOZNSDT12A8C13CE48,SOLHIQF12A6D4F8260,SOQAJHW12AB0186004,SOBEUDN12A81C2143D,SONNNQN12A58A7C189
b5fa506db94aabf3f86e4a799e8af247a26680df,SOKXYUW12A8C140229
3d35a87576e7e8bacd04c97a5502404e141e9233,SOWEJXA12A6701C574,SOTWNDJ12A8C143984,SOAXGDH12A8C13F8A1,SOWCKVR12A8C142411,SOBOAFP12A8C131F36,SODJWHY12A8C142CCE,SOMYXWV12A8C14232E,SOWGXOP12A6701E93A
01655ae6bc52e29c9cd100a7dde4e9eeae5e4031,SOVNWDT12A8C14363F,SOXFSVU12A8C13C6F2,SOGJPMB12A8C13A9DB,SOYZKVX12A8C13A181,SOAXEYH12AF72A2E76,SODEYDM12A58A77072,SOMGIYR12AB0187973,SOXEUDZ12A8C13145B,SOFXDDO12AF729E290,SODJCKV12A8C13ED5D,SOIJPQV12A6701F959,SOGCZMX12AB018A79F,SOWGZIE12A6D4FC6F2
9b633384fe2be667725bedc568d50a96532deca1,SOAFAXA12A58A7BB11,SOJUXGA12AC961885C,SOXNPNZ12AB018E1D0,SOLWAHM12AB018EBC8,SOVXEFY12AB017CE50,SOUVTSM12AC468F6A7,SOKIYKQ12A8AE464FC,SOTLQEB12AB0188BEC
355429a240c40b288d8b9c48e2849c5f67303dab,SOUVTSM12AC468F6A7
28a13c030a3f5abbf7ed66ef8d214d3c3cf933db,SOEKNMO12AF72A1918
b4e93ce145d511946e444cbd22c090b78735c99f,SOQESGV12A679AE594,SOLDUYB12A67020910,SOBOLEI12A58A7E386
b1269307f2ae8c17062c6aea2502b099aad517b6,SONAZWN12A8151C957,SONSAEZ12A8C138D7A,SOBTVDE12AF72A3DE5,SOGYKVS12A67020EDD,SOOENZJ12AB0187937,SOAUWYT12A81C206F1
3f9a8180776f260cd5bd933e6c49085c687856a2,SOCXCTS12AC468A380,SOLEPTI12A8C134A1A,SOWDKXZ12A81C22377,SOCATCA12AB0181E75,SOOOHOG12A6D4F8C3C,SONDJFD12A8C134A0C,SOWFTJF12A8C1339E8,SOQHFKW12A8C13450A
a84d63685ee588d45679887fba2c5ad29a9c17e4,SOAMPRJ12A8AE45F38,SOMVQNP12A67ADE496
75be24a82525a5b466e4f518c95d72f20ef76ca0,SOUZZLS12AB018A80D,SOSBJSU12A8C138469,SOEBLMX12A8C13DDD4,SOGHQMI12A8AE46ADC,SOJLZXL12A8C145965,SOTNHIP12AB0183131
39eb6b6dc155f96203daa8bc9cd7ea55dc25a7fd,SOYDSCZ12A8C134F93
7661038e3e655fd31961ad18aea13dded963eedf,SOEGIYH12A6D4FC0E3,SOZEBAZ12AF72A80C8,SOBONKR12A58A7A7E0,SOPBFHP12A8C131F30
8caf9a87e266a22298bd977a63489d008af241c5,SOKOXWU12AF72AD1BC,SOAGKBO12AB0186943,SOWQMMX12AB017DBE2,SOAUWYT12A81C206F1
3a6b893f5616e95213f61e87e3022a3d665afa7c,SOWMELF12AB0184958,SOWBYZF12A6D4F9424,SOGDFLB12A6D4F7817
589d9f98cb25b83da2450733437fb9a79dda116d,SOEBPXF12A8C14295A
21f7718ad37c5cc8f495d4abc7c3dcb692dc6987,SOKYBEO12A81C23957,SOTFIZR12A8151CD78,SOSJCNH12A81C23945
dfb41c400ed8fbb064644d173f8fd00398ca4370,SOTFTTK12A8C12FC79
f694565a4451ed33e6741ede8cd3a7eaad66bb84,SOWWWTT12A8C135EC8,SOATJMN12AB0184D1E,SOQAJHW12AB0186004,SOTKNTF12A8C144A0D,SORWPCP12A8C13B9D8,SOCNPTC12A8C144911
b2cbcf5ea3c6ea3ee41ceac0ef247c2b1ddedbdc,SOQPGDF12AB01858C5,SONETQG12AF72A16FF,SOEHZUQ12A3F1EBC10,SOPIIBO12A8C1380ED
4b65fe3f5e0caff1cd870637d0f05be160a721c4,SOLVRLL12A67020D7F,SOHBJKZ12A6701C2E5,SOEWHKY12A8C13E08C
e61ced632f8c40ec1842d0833e8ac0ffb9a9e934,SOOFYTN12A6D4F9B35
f10e613636ee8e1f4d3a7f2b21ca9cd36d2e9d8d,SOVXUCJ12A6701FBC2,SORAWSB12A6701FBC8,SOKIVON12A6701FBB5,SOHPYRP12AF729FB1D,SOOFYTN12A6D4F9B35,SOELOOM12AB017DB4C,SOPPROJ12AB0184E18,SOLFXKT12AB017E3E0,SOTVLQY12A58A798C2,SOBHNWV12AB0184DEE,SOODHLO12AF72A1980,SOXRJXO12B0B807DDD,SOXEOLH12A6D4F9D37
8937134734f869debcab8f23d77465b4caaa85df,SOJQOIK12AF72A0AAF
c5d42aa00afa6889de703c49f40ecb26b1c401c4,SOAUZAA12A6701F9B6,SOMVQNP12A67ADE496,SONGIPI12A8AE46162,SOQENWM12AB017EDE0,SOFCPEE12A8C13D566
529b42cdbc379ad2e765aec6d3bad8a192038741,SOZYNNT12A81C22E0F,SOWTORN12A8C142DA1,SOWPAXV12A67ADA046,SOITQTT12A6D4F60AF,SOXLSBV12AB018397A
3fc803c12264ab6599ee9e379c565be2bb3b0903,SOFPJGB12A8C143EA1,SOSHMSE12A8151BA42,SOGCWUH12AC90732B0,SOEVOXS12A8C1398CE
18dc95f354220b343e98ebbb7c8564291284ed9f,SOCAIKQ12A6701E578,SOAMIQK12A6701D94F,SOJGZXL12A6D4F2980,SOMJUSB12AF72A25B0,SOOVXOV12A6D4F7450,SORJGAJ12A6D4F7A0F,SOUBXSF12A6701D23C,SOYOMRA12A6D4F9975,SOJQKCE12A67020846,SOCAJUZ12A6701E555,SOWVEND12AB0183608,SOLUHDM12A6701BEDA,SOWCKVR12A8C142411,SOIJVVR12A6701C2EE,SOQGVCS12AF72A078D,SOUELYE12A8C14078F,SOWYYUQ12A6701D68D,SONQEYS12AF72AABC9,SOCQWMC12A8C1429D1,SOYRVSP12A6D4F907A,SORIMSM12A6D4FB2D5,SODXFAS12A58A7B24B,SOUKDZN12A6701BEDB,SOUKMKR12A8C141925,SOJYFST12A6D4F9DE8,SOMKFAH12A6701BEDF
b81b63d5c1f33fa670b56c491566b4636d5767c9,SOVRIPE12A6D4FEA19,SOOVKMQ12AF72A71CC,SOZXTAI12A8C134DE1
294e414d2d663a93691461909e6e1ba8d1fca2d8,SOXWYZP12AF72A42A6
e0eeff31c4975103c873b118626fd94bd90564f5,SOOYQXS12A6D4F84B9,SOTWNDJ12A8C143984,SOKENKR12AB01828F7,SOYHYDT12A8AE495F8,SOBONKR12A58A7A7E0,SONYKOW12AB01849C9
c01c97d7270db93277833ffb63a6132d3f134238,SORYWJI12A8C13AC9E,SOZVVRE12A8C143150
fbbf68d14c77af55044a7e27f7befef5c923aa08,SOSHYJW12AB01827C0
71adcead7547d8c4c0d4ab616ef10c6c64a78b34,SOGQANL12A6701E099,SOAEHEX12A8C13EFA4,SOTEGWG12AB01897AC
7822f4f6c7b830abf9ba48c4b7dad7e9175d052d,SOXZTLV12A6701FFDD,SOSZJFV12AB01878CB
4c6e2b39891084e55a670676aecc582a7ad5eee4,SOFWMNN12A8C13C3F2,SOFFCOP12A8C1422E3,SOVMOCU12A8C140E82,SOBUBLL12A58A795A8,SOLECSJ12A6D4F6243,SOPTLQL12AB018D56F,SOCVTLJ12A6310F0FD,SOXMIUS12A8C13CD59,SODLAPJ12A8C142002,SONAZWN12A8151C957,SOIMTFP12AC907599E,SOKUPAO12AB018D576,SOWCKVR12A8C142411,SODJWHY12A8C142CCE,SOEJOFI12AB0180105,SOPPROJ12AB0184E18,SOJNHAY12B0B80C22C,SOPLZAF12AB01852B7,SOIWPAX12AB0181918,SOHASBP12A8C13C3EE,SOTGHQR12A8C1406C5,SOXIIIM12A6D4F66C8,SODUANR12A6D4F5036,SOIHEZR12AB0182B79,SOVYIYI12A8C138D88,SOHFNKO12AB017C772,SONAQRQ12AB017FD0B,SOOKGRB12A8C13CD66,SOOWVNN12A8C140775,SOBJUIV12AF72A7997,SOIGRZB12AC9075501,SOKYVWL12A67AE0922,SOXYUVR12A67020490
6b015fe063d77e86c3b995fe1c18a2fdce9b8946,SONQXEU12A58A7DEC8,SOFEOVT12A58A78DF3,SOIZAZL12A6701C53B,SOZWLHR12A8C13F211,SOGPBAW12A6D4F9F22
4782b9bb73322bf80329ce5989128a67bc538747,SOPVQLJ12A67AE2281,SOEKSGJ12A67AE227E,SOFRQTD12A81C233C0,SOUSMXX12AB0185C24
ce87ae0c8777f209562f884c56cfc7f5fbd8aff2,SOPQQNK12A8C13BF46,SOKRQNU12A67ADA22E,SOUNNWW12AB018795D
b8668c3da5fadb1f0f9f88608d1940b5360f2ccb,SOSJFDH12A8C143096,SOWTLYJ12A8C13BC7C,SOVMANN12A58A7C69C,SOECCON12A6D4FDBCE
4926960fa1f2aa9f6c46bf591e83bb4e3d7f6a6f,SOOICCF12A6701FBD3,SOUCBEB12A6310E1F9
5e3d8c9728270d6557453f0c738e7f443feef13e,SOCSUOL12AAA8C6707,SOVUAIQ12A6D4FA180,SOSFAQM12AB018427B
4600442e761b6f636a08134b10b9b6c38cef6ba4,SOCKIDE12A6D4F6542,SOCHRXB12A8AE48069,SOMJUSB12AF72A25B0,SOHFKGU12AB01819F3,SOKLRPJ12A8C13C3FE,SOQGJOQ12AB0181C93
90869545dedae56f33e3bb3d5120e7ed0e8a21d9,SOSZJFV12AB01878CB
c6bb7f1933a8024e52f83e35335b31967108aeba,SODCLQR12A67AE110D,SOBOUPA12A6D4F81F1,SODJVTF12A8AE46DFD,SOIRJGI12AF72A3A57
fb2f2c0e39e233622c300c232a6287738007e34a,SOVYNVS12AC3DF64AB,SODCHWC12A6701C54B,SOEAVMU12AB017E234,SOAOSNO12A6D4FA76F
66166f4f57bb897f1f8e2aae6f53f776088f43d8,SOOLWEJ12AB0186DA4,SOKKOJN12A6D4FA8E0,SOJRWVJ12AC468810B
e11a55c8eecae195a596ca208ce69d2eb550689f,SOSFPMR12A8C13D44A,SOHDDBB12AF72A1CCB
4449f7ea241ceb4a2d1e2298c4aead417b26899a,SOSUZFA12A8C13C04A,SOGHLTK12AB0184F84,SOSGEGU12AB018188A,SOWYYUQ12A6701D68D,SOTNHIP12AB0183131
7be439230bebc2193fe80d33219313340819176a,SOBSRPU12A8C134E1B,SOLKDYK12AB018DA3C,SOIZYWB12AB018BE1B,SOVWLMV12AB018AE77,SOTDAFU12AC3DFA463,SOKFNBL12AF72A1A41,SOGKGXY12A8C134E30,SOQKZMA12A8AE48F76,SOBSKOP12AF72A24AD,SOYYBHE12A6BD53865,SOSJFDH12A8C143096,SOTBBMP12A58A79A48
d605b7fe1645e05ff094b364b603456ce8126643,SOVJEKI12A6D4F6570,SOPBZAX12AB018D8E5,SONQBUB12A6D4F8ED0,SOHEKND12A8AE481D0
370190e231e1d4a9353d50038f59a0a33f7168f0,SODXFAS12A58A7B24B,SOSASFL12A6D4F7B02,SOLRGNF12AB0187CF4
8244d38b6505d44c6f44a4b29ad7fa260578e419,SOTEFFR12A8C144765,SOYDTRQ12AF72A3D61,SOEGIYH12A6D4FC0E3,SOZVSSP12AB01819DE,SOFRIAZ12AB017E5E5,SOFTWWH12AB017AD0E,SOBONKR12A58A7A7E0,SOQOXDM12A8C137FB0,SOYIOLG12A8C13E7FE,SOGAUJB12A8C13BD05,SOAUWYT12A81C206F1
1764b2ebb09e2a40e11ed82f9c37a53a706cc4e1,SOPTLQL12AB018D56F,SOSGEGU12AB018188A,SOLFXKT12AB017E3E0
135ae184f8552252dcdec7f82ff6f647fa76e9ec,SOZVUCT12A8C1424BE,SOUSZSW12AB01800C2
93343771b28f20c8cad2e1ae18cbd77235b1aef6,SOBQFSF12AAF3B451F,SOPPROJ12AB0184E18,SOOSVDW12AB017E3B8,SOQXNGV12A6701E312,SOSJFDH12A8C143096
47381eaa107e87cb74172230caa9bdba03b53fbb,SOPPROJ12AB0184E18,SOLFXKT12AB017E3E0,SOSSUUS12A6701EA3C
ed3664f9cd689031fe4d0ed6c66503bdc3ad7cb6,SOEHTZE12A6310F0F2
f608c215606e6421a429ea28ad08243241d5347d,SOJDZOH12A58A77672,SOTGGLG12AC468B85F,SOCHTHF12AB017E206,SODORVA12A8C13B259
8ce5dde3941dfc039a6384de713cc287f645412a,SOWRTJD12A8C132704,SOBKLTU12A58A7FB77,SOISNSU12AC468C0D8,SOPQBHI12A58A777F6,SOYDTRQ12AF72A3D61,SOGSAYQ12AB018BA14,SOXVVSM12A8C142224,SODJWHY12A8C142CCE,SOSLZXV12A8C1354C9,SOWULFH12A81C225EA,SOIPYPB12A8C1360D4,SONOYIB12A81C1F88C,SOVWADY12AB0189C63
a8268c552c1122626ba8ab4d7cf2f799de7931b2,SOVKBWW12A58A78C90,SOVOHCH12AB0184593,SOHQBYZ12A8C13C702
8b0578e3b7ee700785e4c9d9726bba44b3472bad,SOWQXHG12AB0189D1A
d463373940530414e6f3dbfa95f694fd8dd2d2f7,SOULTKQ12AB018A183
bab8d135cf88852063ed4a084dd24c783d7ff841,SOCJCVE12A8C13CDDB,SOAPIHX12AB0184CB1,SOLWNAA12A8C13B605,SOKLSGL12AF72A2AF4,SONEYYW12AF72A2AA6,SOLMARC12A8C13FC61,SOPOFBW12AB0187196,SOGZOIP12A6D4FB934,SORJOVT12AB018C4B4,SOOSJIV12AF729E09E,SOIMREX12A6D4F99FE
53659e6ae51d163d5de5709c53707df87a669cfb,SORELVF12AF72A22DF,SOZXQRQ12A6701C323,SOIXWUM12B0B8067E1,SOZMXKG12A6701ED57,SOEBOWM12AB017F279,SOSVPIE12A6D4FA873
f927dddfe26b0c74ada3eaadca41bfb462c37ee4,SOCLNOB12A8AE48670,SOLPODJ12AB0184406,SOSNYHM12A67ADAFC8,SONPPTR12A6701DA32,SONKYVR12B0B80AF82,SOIBSWV12A6D4F6AB3,SOCREPA12A67ADD15E,SOAYSJV12A58A7D20C,SOCDNMP12AB018440C,SOYTIYM12AB018B743,SOFZXCH12A58A7B467,SOJZSUP12A6D4F73E1,SOLKQFY12AF72A4DE3,SOHQWYZ12A6D4FA701,SOYLYFL12A8AE45FA4,SOFCMTS12AB0189B48
6b72bb3671b838d92413635008e5d41bdb454e2f,SOVGLTY12AF72A39CD,SOQENWM12AB017EDE0,SOAXJOU12A6D4F6685
43e7d807d3e0213f8dfa4d4d156845a3d71976df,SOYEVUY12A8C145F58,SOAJJDS12A8C13A3FB,SORMOIW12AB01887F0
a58de017cbeda1763ea002fe027ed41b4ed53109,SOEYVHS12AB0181D31,SOTVLQY12A58A798C2,SOSRIHB12A8C13608B,SOXWYZP12AF72A42A6,SOFRQTD12A81C233C0,SOGTDJQ12A8C13324F,SOADJQJ12A8C141D38,SOYGKNI12AB0187E6E,SODOWUC12AC9097E76,SODJWHY12A8C142CCE,SOQLUTQ12A8AE48037,SOGCWUH12AC90732B0,SOXPFLM12A8AE48C50,SOOYDAZ12A58A7AE08,SOIDDNJ12AC9071B90,SORWLTW12A670208FA,SOUSMXX12AB0185C24,SOVWADY12AB0189C63,SOBADEB12AB018275F,SODCADR12AF72A1A99,SOFKFXC12AC90732A5,SOYMIMI12AB0181E5C,SOLWZVR12AB01849C6,SOTWSXL12A8C143349,SOQGVCS12AF72A078D,SOSVPIE12A6D4FA873
1387fa354f537d53a8124f21c74ff6d7ff524feb,SOJITNW12A8C13D951
42c9fba813dd9ca8ca3673277a0f923b6845a7a6,SOOHCUB12A58A7AD2C,SOLBKGD12A6D4F5CF0,SORYDWL12AB018922F,SOTONTT12AB01869BB,SOELMZO12AB0189218
9b285d0b497bd45d11865b854091613395eb3197,SOEMRIK12A8C133722,SOMXOYT12A8AE46E10,SOQFEDG12AB018DD24,SOTUETB12AB018CD36,SOLRZLK12AF72A3F6C,SOJSQYL12A81C23901,SOFQHZX12AB018369D
edc8b7b1fd592a3b69c3d823a742e1a064abec95,SODGJKH12AAA8C9487,SOVNVRF12A8C14477B,SOEMIJG12A8C140BE1,SOIPYPB12A8C1360D4
bb84b605789d898993e2c6fbda4d57a8bc8da369,SOTKMXA12A6D4F672F,SOFCPOU12A8C13BF40
de4cec62bfb6a7be09ba1123bf03c315377be7fd,SOEFHAF12A6D4FB311,SOYHTAT12A81C23955,SOLARJV12AB018306B,SOTORXA12A58A79338,SOHTKMO12AB01843B0
4273611413c7199a53ee116edc8d7b0ba56482d5,SOZDTJE12A6701F2FE
b7fa3fe1f2d2259712e7d91fd8d2039b25798897,SORAHAG12AB0182BD0,SOEGIYH12A6D4FC0E3,SOPAOIH12A6D4F9321,SOPUCYA12A8C13A694,SOZCDWG12A6D4F81E1,SOSWMGD12A67020955
0afaa5d9d04bf85af720fe8cc566a41ca3e41c97,SOEGIYH12A6D4FC0E3,SOYYFLV12A58A7A88F,SOYCYVS12A8C13F107,SOLWHSJ12A67AE227B,SOVERPW12A81C219CE,SOFRQTD12A81C233C0,SOIZLKI12A6D4F7B61
8bc2733e75989c8de36cf1bb596dabfd72734e86,SOEGIYH12A6D4FC0E3,SOWYYUQ12A6701D68D,SOAUWYT12A81C206F1
fd585aef5c32d3943bd6e7f9f39aa216ba659fd0,SOSYOHI12A8C144584,SORBYFU12A8C138D23,SOUVTSM12AC468F6A7,SOLGPOU12A58A7EA20,SOBONKR12A58A7A7E0
a84dab2d0dd967d002cea226fbc0a6446bbb7014,SOFFCOP12A8C1422E3,SOVFFSK12A6BD55C96,SOSUWJE12AB0184567,SOCHAXM12AB01876F8,SONRRQH12AC3DFA45F,SOCRMJF12A81C22362
54028f08e511355e130c47236a7496091005b9f7,SOKRQNU12A67ADA22E,SOEBOWM12AB017F279
0c306ce1440dec3b5b07b425880e43b4fb66fe93,SOBPKPW12A6701E8F9,SOPREHY12AB01815F9
d5618c6813c7a067646edcf9c7243ccb95919460,SODPPBT12A8C141D90,SONJILQ12A67020456,SOZAPQT12A8C142821
2a8a8f48fd4eb5ca4b64874162df4fdf584d89c4,SOOEEAQ12A8AE46374,SOPVHBU12A6D4F9108,SOYXNXN12A8C131F3D,SODJWHY12A8C142CCE
c01f9838d66929bd2494eb8e627054024a13d5c4,SOVXBOT12A8C136816,SOWAOGL12B0B80AF67,SOFEGST12A58A7D682
c9994a8139efcd587d0df268f578b89568e5de0d,SOYJWCE12A58A7959B
e9b86ca8cd62f072419112174f1a9427dd40aed7,SOYDTIW12A67ADAFC9,SOVTGFD12AB018F808,SOCXCTS12AC468A380,SOIZZXF12AB0187C34,SOMZVGZ12A8C140EFF,SOOYDAZ12A58A7AE08,SODVXIJ12A8C138F24,SOVDLZN12AB0185BEA,SOFWLRF12AB017F405,SOMWTWK12AB01860CD,SOVZOBS12A67ADAFC6,SOQXTDZ12AF729F8B4,SOOAFDW12A8C13325B,SORWLJM12A6D4F9C0C,SOMJFPG12A58A7DD95,SOMNTMT12A8C1400F6,SOFYCAM12A58A7A45B,SOPOYLD12A8C13B17A,SOFLMTG12A58A7D556
d305e8d98cf77ce3b90c69580dd3fc38e86fee93,SOFQFWN12A58A7A84E
0659229d409ede40887c2a4bc44e8b264a7b8b40,SOYMQKD12A6310D7EB,SOXFSRA12A6310E1C8,SOOAOHX12A6D4F8E8C
2985f5774898ea0fadc05bd4c10253dcfd48d28c,SOAAVUV12AB0186646,SOQJJUV12AF72A3D3F,SOEPJPV12A8C13DE9F
9e203b9f99b39fce61aca28d439dcee8c7914420,SOJNNUA12A8AE48C7A,SOGPBAW12A6D4F9F22,SOFLMTG12A58A7D556
0a00498b9d607844a8826184ae7278097d1c008a,SOVCSMI12A3F1EAAD5,SOSNOSA12A67ADA05B,SOFLJQZ12A6D4FADA6,SOHTSUQ12A58A7AFCE
bf00bdda03e001b3d8ab6a63f16a8bdc371648ee,SOSIDLE12A8C141F73,SOJDHGS12A6310D85E,SONQBUB12A6D4F8ED0,SOJFBAC12AB01848D6
1debcdce1fc6c1cd34912665f8134dcff229ce9d,SODRVTG12A8AE46169,SOFERPM12A6D4FAC44
25c685bf46dc020a5a18219a76b911e27b02dc0c,SOOYDAZ12A58A7AE08
9d332c1944d50d7e4653722db5ba5e55daea2bfd,SOASTSF12A8C1420B5,SONOMEC12A8C14541F,SOMCMKG12A8C1347BF
eda12b54342243175dba3db83f66eade127d2b4e,SOXBCZH12A67ADAD77,SOYXNXN12A8C131F3D,SOISSYK12A6D4F78A8
25c6bc04a88cda0dfcbb71d8f9d1f30b8fd641c8,SOBRWBG12A6D4FBA2D,SOGAUOB12A58A7AAC8,SOOGNOZ12AAF3B2936,SOPIPOR12A8C13F639
73e9e981d5fc2a6453cdfb5025e2fa0a144a4142,SOIUHFO12A67AD954B,SOSJZID12A8C13E802,SOMONAP12AB0181D21,SOGJQBU12A6D4FA8EC,SOGFFET12A58A7ECA9,SOZXKIA12A6D4F861C,SOPMAEU12A67AE0C81,SOXTTHY12A8C137072,SONOYIB12A81C1F88C,SONMWXV12AB01803B4,SOQGOHE12A8C143075,SOKXYUW12A8C140229,SOTEKMT12A67AD954E,SODZJCH12A8C132ADC,SOTGWWO12A8C13E806,SOPJULC12A6D4F667F,SOSVPIE12A6D4FA873
e4c05157f8cebdf3b9d689c441ba97c5ed5db05b,SOQOSMU12A8C138957,SOFZVOT12A8C1408E9,SOQIQZU12A6D4FB8B5,SOGJMJH12A6702154D,SOAQAIZ12A6310F100,SOSEUUV12A6701E93C
ae99321be6e9a79bb9c2dd4b2aa8b49fdb9efdf8,SOWRQYE12A58A7B2D5,SOHEMBB12A6701E907
6c8cb7d7924a76edaf6e494f59277624087d40bb,SOVFUXP12AB018F6F0,SOZCYOZ12A6D4FBFE5,SOFGIVB12A6D4F5923,SOJPYXL12A8C13359C,SONMVKD12A6D4F6D10,SOJOBMX12A8C141260
ac8f74463945daec00af6dbe0a8233c92e2d246f,SOXVYWK12A6D4F8641
e006b1a48f466bf59feefed32bec6494495a4436,SOLFXKT12AB017E3E0,SOJWVKE12A6D4F3392,SOAUWYT12A81C206F1,SONYKOW12AB01849C9
7f4c09f1e5b09f9f1f14a42708df71b44feb30e1,SOXNZOW12AB017F756,SOUSZSW12AB01800C2,SOGTQNI12AB0184A5C,SOPPROJ12AB0184E18,SOLFXKT12AB017E3E0,SOAXGDH12A8C13F8A1,SOAFTRR12AF72A8D4D,SOSROFB12AAF3B4C5D,SOBOAFP12A8C131F36,SOKMHKY12AF72AB079,SOKOXWU12AF72AD1BC,SOXQYSC12A6310E908,SOGCWUH12AC90732B0,SOEQJBS12A8AE475A4,SOPTLQL12AB018D56F,SOUFPNI12A8C142D19,SOANQFY12AB0183239,SOBONKR12A58A7A7E0,SOERYLG12A6701F07F,SONYKOW12AB01849C9,
0e68e0821495382c78fbb91758c250c8edf0cfbb,SOXSSIQ12A8C13AFFB,SOOTKWZ12AB0181082,SOQULVK12A6701E7A0,SOSMJUR12AB0188012,SOQBFRA12A6D4F854E,SOHLDSF12A58A772A8,SOGZOIP12A6D4FB934,SOBJDRT12A670205F8,SODODEV12A6D4F854C,SOSRJRK12AB0186FF4,SOEOVGV12AF72A1E27
8cbb5066924ec788e3fea9a4aae59586f46f38fa,SOIGHWG12A8C136A37,SOCKZIS12A8AE47FE0,SOCBQKE12AB018548E,SOTWNDJ12A8C143984,SOWCKVR12A8C142411
626209e32b0d7a616536e8063b6a23c9a106349e,SOUPMLF12A6701EAFE,SOUBXSF12A6701D23C
51182330ee3e55d808df31a951032692c5cefe8a,SOLOFQJ12AB0184320,SOJTLHS12A8C13F633
36c2856d06977ca806b5778b063e7b3ca829b07a,SOACIPG12A8AE47E1C,SOMAKIT12A58A7E292
40e1c7170f652bc5b29dac49137bc7dab7396758,SOIGHWG12A8C136A37,SOIBLKQ12AB0183E85,SOPEOGA12AB017B694,SOPEAMI12A6701E94B,SOPKPUK12A8C13CAED,SOMRYYN12A6310F0F3,SONNNEH12AB01827DE,SOTFWWF12A67020F44,SOBTGVG12AB0187543
b98490b4e714cbdf98f4e819c150fc6eff83cb28,SOTCMDJ12A6D4F8528,SOFPXXK12A6D4FA1D9,SOMCMKG12A8C1347BF,SOKZZGT12A67ADA4C3
9012fdca7eee0b946329367498a578adb5271ed8,SOOUCOH12AC468D3EB,SOQCGHN12AB0181246,SOELHYJ12A8C13790C,SOXYDYD12AC95F05AB,SOAJYLI12AB01831B8,SOPAOQL12A6D4F9EC2,SOQIFSM12A8C13A28C,SOCVTLJ12A6310F0FD
2b6c2f33bc0e887ea7c4411f58106805a1923280,SOEOLGZ12A8C134706,SOGXSJZ12A8AE45AAD,SOTCMDJ12A6D4F8528,SOPUCYA12A8C13A694,SOUPIYD12A6701DD0B,SOIWPAX12AB0181918
a1380d458c15706b9d5282304db81a5a78352e96,SOTYAZQ12A8C140FDE,SOSKKVC12A58291BFE,SOUVGVC12A58A79ED8
5c2510560078bc7d66ac6ca27d4c58aa11dab1d4,SOBQWQI12A8AE45E55
68238e23f78df5e5e891c89f1ea1cfc9c85d9fe5,SODCNEE12A6310E037,SOCHTHV12A6D4F9791
1986f5657d2e87dff2c09be1eb705fed1866b399,SOLDTQC12A6D4F72E3,SOWEJXA12A6701C574,SOAKMDU12A8C1346A9,SOKLRPJ12A8C13C3FE,SOITFCH12A6D4F9478
e2f4c0d8b5b7e50c31931300e9339943fc0cca99,SOTWNDJ12A8C143984
1d0e2d525b7f35e333288e3d0095286baca23cd3,SOGISVQ12A8C13AE9B,SOZLEXV12AB018A526,SOXYWQM12A6D4F970A,SOENFNC12AB017C3EC,SOSPXWA12AB0181875,SOZVYSU12A6310F227,SOWRREB12A6D4FA7CB
0560337e6a33be7149c9568b5fde5788294fe101,SOATPFD12A8C136B88
3e85485842091c62ad86fa31f1e35799df1cf0c4,SOMPQTR12A6701FBC0
05ac75293decb5e1442dcf670556d099baf6639a,SOKDQBU12A67AD8F3F,SOHFNKO12AB017C772,SOODSPH12AB01819C3
b11e6a84c54160e61efdb9cb5a572b419aa33ae9,SOLQRUG12A8AE45DE1,SODEKWU12A8C135ED1
9642b099d56e3b2002a42320afbf83606bb06f2d,SOJVIXA12AF72A5752
ec25e3d78ea8374869a772dc58bb903528a3c9cc,SODWXJW12AAA8C5C29,SOVYTXK12AB01800F5,SOAUFOF12AB0180C65,SOLDUYB12A67020910,SOFXVEU12A6D4F9C0B,SOJGFVC12A8C13F61A,SOCXDJM12AB0189E47,SONENIO12AB017DBDC,SOPXKYD12A6D4FA876,SOKMHKY12AF72AB079,SOPTLQL12AB018D56F,SOPNUPZ12A8C133A7Br,SOUPNIS12AF72A6FB0,SOFFWND12A58A796B7
77cac5c3389010b64d01b30f725c24de4a5bb626,SOEBYTE12A8C14389C,SOPDIDL12A58A7ABF0,SODRVBA12A58A7F235,SOXHIDK12A58A7CFB3
97e48f0f188e04dcdb0f8e20a29dacb881d80c9e,SOIFRPU12A8C140F22,SORAHAG12AB0182BD0,SOLCAXX12B0B8079A5,SOKYYQU12A8AE46E26,SOOXJDU12A8AE47ECB,SOBUBLL12A58A795A8,SOPQQNK12A8C13BF46,SOKNWRZ12A8C13BF62,SOFIVRZ12AB0182207,SOWDJEJ12A8C1339FE,SOBIQWH12A8C13BCDE,SOKHHVK12A8AE48182,SOMWTWK12AB01860CD,SOZHJKI12A81C2248F,SOGGZKO12A8C136C79,SOXAIMS12A8C137E90,SOMHWDR12A8C1380BA,SODWZZQ12A6D4FA7B7,SOWNRRW12A58A801BA,SOINKVP12A8C13BF5D,SOWGEWN12A6D4F789B,SOVZJCF12AB018A15A,SOYMIMI12AB0181E5C,SOUYMPF12A58A7C78A,SOOYTMS12A8C1380DA,SOMYYIR12A6D4FA791,SOCMFXH12A6D4F8420,SOUHQHP12AB017FCA7,SOAOSNO12A6D4FA76F,SOOSDMO12A6D4F80F9,SORGVYS12A8AE48882,SOIUVYE12A6D4FA66E
4ad8037982f52ce3e38d7ae7f6897401630141ad,SOCBBGJ12AF72A0922,SOGJFUU12A8AE47D26,SOOXRJG12A8C13773E
1645b689f873529ab85e3b72742be44813e82bd3,SOQWSHS12A6701C576
bbcdf7099bf1429850d4d0a1440ef3006916f4fd,SOAAWEE12A6D4FBEC8,SOZPPYS12898B694CE,SOSCDWE12AB01823C4
06b31818386e598017a475f8e349b3ca31ba3178,SOWOVYH12A58A776C4
2e37aa820994c7e8465721a6a6ee78f48fc4df7a,SOUSMXX12AB0185C24
15b64f7a097c90b540b492e360a643d45234cfd9,SOJXAMZ12AF72ABD3C,SOMZIYZ12AB018C622
5d5e0142e54c3bb7b69f548c2ee55066c90700eb,SOUVGJL12AB017FC35,SOQFIZU12A58A7944A,SORFASW12A81C22AE7,SOXOTVJ12A58A7B9D3,SOZDTJE12A6701F2FE,SODFUIQ12A58A79DDF
dd88ea94f605a63d9fc37a214127e3f00e85e42d,SOZQNBP12A58A79849
9b392166d01817895c03dc190f4eff58153a25e3,SOYNHJU12A6D4F4A28,SOEPJPV12A8C13DE9F,SOJIPLZ12A6D4F6110
56b0a86f8093f90d1c9ab1762467c44808ceb672,SOPQLBY12A6310E992,SOEBOWM12AB017F279,SOQGOPT12AAF3B2B27
537340ff896dea11328910013cfe759413e1eeb3,SOGQQST12A6701D95C
515c6d7023ad31411c1f6b11e0b2f56810348bee,SOZNLVV12A6701E2D4,SOMKGQN12A8C1339D2
9c4e14bbd043846b632d3737f08104dcaeb88142,SOZTYFG12A6D4F946B,SOQFPRR12A6D4F8162,SOAMIQK12A6701D94F,SOOFYTN12A6D4F9B35,SOLJZKI12AB0186D1C,SONYKOW12AB01849C9,SOZZLZN12A8AE48D6D,SOGXSJZ12A8AE45AAD,SOUBXSF12A6701D23C,SOUPIYD12A6701DD0B,SOPLIEJ12A58A7C17E,SOCGXXL12B0B808865,SOPSYOY12A8C142E0B,SOGLWGG12A6D4F8046,SOBPKPW12A6701E8F9,SOGVXGZ12A8C1333E3,SOPDKYX12A8C1457E5
71c5f51e225ceaca4fa1823f0cce080624bea9e3,SOADOQJ12A8AE45C7E
446a9fcf3dfd3397b1d3e2d9fe8940fd7dd3da8c,SOTEGWG12AB01897AC,SOQMFWG12AB0186AD8,SOEHWGF12A6D4F8B2B
b88de0b31ca3b37eeadcdbf43f327e9e83a2595b,SOWKQYL12AB0183B15,SOLFXKT12AB017E3E0
1b96dd04ce96aa7995e0f817e762ca44a24aab24,SOZFSQT12A67ADE650,SOEAQHH12A58A78F59,SONQHJK12A58A7C9B8,SOVRIPE12A6D4FEA19
e21477efb83bd323205ce6f5bd662f3df9d477e5,SONEYTB12AF72A73F0,SOGJPMB12A8C13A9DB,SOTEKMT12A67AD954E,SOSNQQX12AF729C44C,SOPBZAX12AB018D8E5,SOOXLND12A6D4FE36E,SOWGZIE12A6D4FC6F2,SOPBQKY12AB0182306,SOASTPI12A58A7E0F8,SOKPKQH12A6701DDE4,SOWUTFF12A8C138AB2,SOFXJCS12A58A7DF02,SOEWWIU12A8C141309,SOCFIUI12A81C23E48,SOBUOEK12A6D4F9908,SOWPCTZ12A6310D890,SOFWIIA12A8C1448C9,SOIWBJU12A6701CBE7,SODEYDM12A58A77072,SOQCXXX12AB0189070,SOODHLO12AF72A1980,SOOVANF12A6D4FA500
b61afb42335287239bd40e1dea50d849cbf8a9a9,SONEYTB12AF72A73F0,SOGBLMI12AB01856AC,SOBQFSF12AAF3B451F,SOJJTAG12A81C23421,SOKVSAH12A8C133C6D,SOOZFCC12A58A7D783,SOQZBYZ12A6701E7B0,SOYPJMP12AF72A901D,SOWWYBK12A8C145607,SOGXOTT12AB0187D87,SOIMYPA12AB018FB06,SOMHMQW12A8C14098B,SORHRGK12AB018FAFC,SOSEXYD12A8C13C71D,SOUFWFG12AC9072C7E,SOTQFXG12AB0188822,SOXIIIM12A6D4F66C8,SOZQKSV12AF729F22B,SOUEAYG12A6D4FE4AF
ea64e003562d2f0f39e5a7dd84af5b1969e0fea3,SOMHWDR12A8C1380BA,SOXBCZH12A67ADAD77,SOYUXZJ12A6D4F86F1,SOAFQGA12A8C1367FA
6b7a5895d266599bc414b9eb8fbad59c95b9a99d,SOXACZF12A6D4FB153
1a640060dad45f7cb120578b24533f36907ad1b2,SOOLULU12A6701FBC4,SOKOXWU12AF72AD1BC,SOKOVZK12A6D4F707F
ea07020bb223c733ccc55aa925ebcc25c4d97377,SOPRFNT12AB017F8E9,SOQIUXU12A67ADAEF4,SOHKXZN12AB0187281,SOTCWRK12AB017E47D,SOOGBWC12A8C140B96,SORLZXM12A67ADAEF5,SOVWADY12AB0189C63
c162cca4595e5b2fbeefed35ae0f247f648d7751,SORUKVE12A8C13D623,SOSHZYN12A6D4F5925
bd64f193f0f53f09d44ff48fd52830ff2fded392,SOFESOS12A6D4F7799,SOUCEFH12AB018413A,SOCALRI12A58A7BBC5,SOOLULU12A6701FBC4,SOIBSWV12A6D4F6AB3,SOEAQHH12A58A78F59,SOXHPVI12A6D4F903A,SOHEMBB12A6701E907,SOZCWQA12A6701C798,SOKOXWU12AF72AD1BC,SOUUTBA12A6D4F9940
a70e3e7eb050c31f07de865758ab1ab7cb735826,SOHSUZG12A8C139410,SORZYGT12A6701E302,SOGBGZF12A6D4F6925,SOMORYX12B0B80908A
2151970107e08d58919003899f952b64af0ee0ec,SOQWHFM12A8C138FF8,SOVTGFD12AB018F808
2d4df82baf7a0c2f39706a40c25f96fa0c61ef19,SOUKMKR12A8C141925,SOEHWGF12A6D4F8B2B,SOGWJEY12AC9618862
c4db08899f2ff9c754c4a8302a21ce7365f0b155,SOGDCDH12A6D4F6C65
1ceb5b69909fc226527ec9a3c83258569e3bedaf,SOMLMKI12A81C204BC,SOJMTBN12A6701D160,SOSKLTL12A6D4F60EF,SOIBSWV12A6D4F6AB3
d63ab7dfb4913bacdd8d771216074d8cb3e887fd,SOVXUCJ12A6701FBC2,SOTIEEP12A6701C779
72faccda324c80af5a943b617e5558088d5e9156,SORJBJB12A8C13E711,SOJYFST12A6D4F9DE8,SONZWDK12A6701F62B
8e8b32a1621d2950fe9a6384d8fb594fd25525df,SORWEEW12A58A7A935,SOVDWCE12A8C13ECB9,SORAHAG12AB0182BD0,SOJSLXK12AB017FCF7,SOEGVNQ12AC95F05B9,SOKJSQZ12A8AE47EDD,SOSOJKP12A8C133A36,SOJFARO12AF72A709A,SOTSPVI12A6D4FA446,SOUFNSM12A58A77715,SOTEKMT12A67AD954E,SOUOKFY12AB0184812,SOQSUMQ12AB01821F7,SOFGTCQ12AB01812C8,SOMMKEW12A58A80F00,SOYKTSO12A8C1381FB,SORGIAF12A81C224C2,SOJAKUR12AB017FED8,SODKWYD12A8C13BA04,SOKYVVZ12A8C13CC1F,SOCFJWH12A8C13A103,SOXJLLK12A8C139E3D,SOXCGSM12A8C13BD85,SOSEXYD12A8C13C71D,SOFCSUT12A8C138EDD,SOVCUAX12AB017EFB5,SORYLMG12A8C1339F9,SOFXZOT12AB0188AF7,SOFEGST12A58A7D682,SOOXRJG12A8C13773E,SOXUYUZ12A8C13A67E,SOUHQHP12AB017FCA7,SOSFGBT12A8C132D50
28d146f636c529e2becb72c6565be603b1fec869,SOVQLNZ12AC4687BAA
0a452fab76371dc44e0d8ad6f012b2ee346617e5,SOKYVVZ12A8C13CC1F,SOCYBIP12A6D4F7826
c231bc806c239b1322421e66fc001822a9b2c2f0,SOGWJEY12AC9618862,SOHZPIK12A58A7CCAE,SOTEGWG12AB01897AC,SOGOAJS12A58A7A71F
38d0e8b1fb8fd58a92a0eae6480a00a02d51eb65,SOIOGFG12A8C13CD4F,SONBXQW12A6701FD05
763fd2b191396bd6343057f1d05e1649b1a6fbd6,SONNSYV12A8C146BEC,SOVDLZN12AB0185BEA
f5865320a3e907796ccdde833531aff0e6a2819b,SOOEEAQ12A8AE46374,SOAJQCL12A58A79581,SOIOZHO12AB017FE5E
838108b69c82ebdf7cddd61ac2c0e1d2572e43b6,SOWEFXC12A6D4FA230,SOMXDFJ12AB0183B34,SORAKQP12A58A7D699,SOFYELC12A6D4F8D96,SONQJCU12A8C144398
fe979a7b199de3ee8a78486c10e5ed13587fc359,SOMVPBQ12A58A7835F
16cd9a19b5a433919b3cf86073670369e8d2e4f8,SODGJKH12AAA8C9487,SOGTDJQ12A8C13324F,SOBNTFK12A6701F1CF,SOMMKEW12A58A80F00,SOBBKGF12A8C1311EE,SOPVQLJ12A67AE2281,SOXFXDH12A8C13326E,SOJIDVJ12AF729C7C4,SODJWHY12A8C142CCE,SOJYMBF12A58A7E245,SOTWSXL12A8C143349,SOTGGLG12AC468B85F,SOHMJJQ12AF72AD2A2
1b704d4cddabea8258bd93497fcb73eab32fa592,SOANSPC12A6702154A,SOLWNAA12A8C13B605,SOGEZGA12A6D4F74F6,SOHPNUZ12A6D4F5709,SODCTEP12A58A7E312,SOXXJQK12AF729E5DB,SORKVID12A6D4FC6D2,SOIPJAX12A8C141A2D,SOCZPAT12A67ADE983,SOYLLGK12A81C217A1,SOGJMJH12A6702154D,SOMUHZR12A58A78E47,SODYKBY12AC4687734,SOEPZQS12A8C1436C7,SOJHUQN12A6D4F8EDE
1e29a630789f366d6382ef220dacd13845a5b28e,SOSJFDH12A8C143096,SOWKQYL12AB0183B15,SOJJYDE12AF729FC16,SOCVBFV12A6701FB94
4bc4ae71635b18628f4b0fde4ecb0a40d6d68bf5,SOKBEZD12A8151BA68,SOWRQYE12A58A7B2D5,SORMOAU12AB018956B,SOYMXMF12A6D4FCDA2,SOYXTZU12A58A7D532,SOFIPHI12AAF3B3DB2,SOSCIZP12AB0181D2F,SOMFTUN12A6D4F60A5
0ef42a19efb74d0a05c308d00636c8d8d41bec0c,SOUPMLF12A6701EAFE,SOHYSXA12AB0186704,SOXNYUA12AB017B49B
9b887e10a4711486085c4fae2d2599fc0d2c484d,SOCHXEH12A8C1425D2,SOKEYJQ12A6D4F6132,SOSXLTC12AF72A7F54,SOQWSHS12A6701C576,SOHQFVC12A58A7B234,SOKZTMC12A8AE48549,SOMOFOP12AB01825DD,SORLLRN12A58A7F1EE,SOVDYZE12A58A7AA62,SOTRQEJ12AF72A45D7,SOIUHFO12A67AD954B,SOACPBY12A8C13FEF9,SOHNJFX12AB017B82A,SOQUJLT12A8C141F8A,SOETQJP12A6D4F6731,SOJEHJV12A6D223C0C,SOBIMTY12A6D4F931F,SOMTWFZ12AB0184E46,SOKKDQB12AB01883B7,SOFTWWH12AB017AD0E,SOWOAXK12A6310D81F,SODJJIH12A6D4F793E,SOCAHRT12A8C13A1A4,SOMLMKI12A81C204BC,SOIBPQQ12A6310F0F4,SOPXKYD12A6D4FA876,SOLZVCX12A8C13482C
e0355e3d283e6ea57efe67aedf0110524287459b,SOXFOBT12A8C132436,SODJWHY12A8C142CCE,SOQQITV12A8C13D23E
12a4a991c8b53cd6906995caed8b1f2bd3b6436a,SOPSVTK12A8C13DBD3,SOCHKWF12A58A7C9B7,SOMTJVV12A8AE47F05,SOXDHSF12A6BD4D3BD,SORJLZX12A5891F7A5,SOVRMZU12AB017FE90,SODCFRT12AF72A2C2C,SOOAVGC12AB01821EC,SOKPWKZ12AB0182223,SOAXGDH12A8C13F8A1,SONBXQW12A6701FD05,SOXWYZP12AF72A42A6,SOTMAPQ12A8C13BAFD,SOBABSR12A58A7AD93,SOJSTYO12A8C13F200
7b544bb0c02878033e4e4eea4df0a10466a71405,SONQMIN12A81C21E5C,SOQAJIA12A8C142FE1,SOXVKHM12AB0181125,SOADJQJ12A8C141D38,SOBLEMV127D978257F,SONIQRE12AF72A2B02,SOPJXQA12A6701D925,SONIQAM12AB018545A
7c8338a3cec437b18cd74e66d9e3c99f426f3d13,SOLYVAA12AF72A366B,SOJYVPY12A8C1442FA,SOZZRHE12A6702165F,SOHXSVQ12A8C1442B1,SORQVPO12AF72A690C,SOJDFKM12A58A7C4DE
788b4a6742e3591ee18533ff2193f7b3351e991e,SOFSETB12A8C134038,SOJFARO12AF72A709A,SOIMCDE12A6D4F8383,SOEQLJP12AB018FBC5,SOYWBPL12B0B80BD74,SOUOPLF12AB017F40F,SOQHPEA12A81C213B5
a54543f7282b66b3c8423181bf2789e1c7eb2edc,SOEGIYH12A6D4FC0E3,SOBZZDU12A6310D8A3
bf03bbb01a7803ed1a5fec51bfe9423a79737d1a,SOTVJEN12A8C13B064,SODXRTY12AB0180F3B,SOUFTBI12AB0183F65,SOOOZNM12A58A7B7E9
a820d2d4f16bbd53be9e41e0417dfb234bfdfba8,SOUIKSL12A6701D19A
30626f761ab5f65deb7b61deda811d174e407273,SOATJMN12AB0184D1E,SOVJTTZ12AB017F48F,SOSJRJP12A6D4F826F,SOYYBHE12A6BD53865
530d2b9883106d185d2ce0e2069b89a90a63c55f,SOHKHTK12A8AE46616,SOWZRCE12A6D4F4CB8,SOCNOXN12A6D4F4CBB,SORMLRN12A8C1323C7,SOBVYNO12A8C140601,SOPRZQA12A58A7A112,SOLIXJW12A58A79D02,SOQNPEO12AB018780D
85e3419d1c9a24b532943283432b8bc08d9ff882,SOARUPP12AB01842E0,SOHQFNK12A6701C0B9
6ac64072cb8f308f36c64cc4aafb6021fef70476,SOQTPLM12B0B809575,SOQBMFK12A8C13835B,SOWHOCV12AF72AA3E4
ff18ea9a13583f7f7aaa83719e0b22ce5618e9cf,SOEMRIK12A8C133722,SOUVGJL12AB017FC35,SOULASL12A8C136C39,SOFLMTG12A58A7D556
0d176eb95537800a1e67ed5fe82eab3d2caafca9,SOLFXKT12AB017E3E0,SOVDSJC12A58A7A271,SOAUWYT12A81C206F1
b441788992d8d31698a936d94c149ee74252f0b6,SOUOIWT12A8C142D8C,SOVTQLS12A6D4F8350
fca15b7964a099b2860dfdb158a2430fb10c4384,SOKUPAO12AB018D576,SOULTKQ12AB018A183,SOLNUGZ12AB0182B11
3bd42c39df324c33509a40ca917343553ef38da9,SOLOZRE12A8C133256,SOCQSZB12A58A7B71D
e5a70dc3270e08ee11ab1325297eccb3158ce383,SOHEGSJ12AB0183790,SOTNVRG12A8AE46240
9fbc0cc4fe6191cabdddf41124bd507dca08ceb6,SOADJQJ12A8C141D38,SOAXGDH12A8C13F8A1,SOBOAFP12A8C131F36,SONHVVE12AB018D038,SOUJVIT12A8C1451C1,SOLRGVL12A8C143BC3,SOSCIZP12AB0181D2F,SOCVTLJ12A6310F0FD
9756eb22e18dd0339be9af22df75777a25d1bf39,SOBRHVR12A8C133F35,SOKUPAO12AB018D576,SOIXKRK12A8C140BD1,SORJICW12A8C13640D,SOHFKGU12AB01819F3,SOCEMSF12A8C145464,SOVWADY12AB0189C63
ac397c4b06be6daacff8ef3a5fe4e4eb1781d5a9,SOAYETG12A67ADA751
8fce200f3912e9608e3b1463cdb9c3529aab5c08,SOCHXEH12A8C1425D2,SOSXLTC12AF72A7F54,SOBKMNJ12AF729BCA3,SOCAHRT12A8C13A1A4,SOPYCMI12AB01849DF,SOOHCLI12A6D4FBFE2,SONYKOW12AB01849C9
6e90c8066ef7a7271b0b0365ffd705caa4e904ea,SOKVZHI12A58A7A13E,SOWGFPG12A6D4F83E4,SOSFSTC12A8C141219
c89deba92634cfa0a7d2e1b696b82d67f5282cd5,SOBOUPA12A6D4F81F1,SOUNZHU12A8AE47481,SOMGIYR12AB0187973
969cc6fb74e076a68e36a04409cb9d3765757508,SOUFPNI12A8C142D19,SOBZZDU12A6310D8A3
1fdf267d8e81db0bb69093460fdab8254e69a2de,SOIJWHG12A8C134063
344af62cf08ea5c4ea1eb554366d221c1431f4d3,SOOALOT12A8C13ABD9,SOOYQXS12A6D4F84B9,SOYNVEE12AF72A49EE,SOZVCRW12A67ADA0B7
480a08cc4b0ed5da63a5690279b8e90e045c54b2,SOLVMWL12AAF3B537C,SOXEYIE12AB0180212,SONTNHB12A8C1391D6,SOTUETB12AB018CD36,SOGKTON12A6D4FC6E3
e4d4e50c99ed5b3dfe740fa1ccbe6be41eeb4f35,SOBABSR12A58A7AD93,SOLNUGZ12AB0182B11
9c77441414c7814cb430d272576e8cee2db0cdf3,SOVEKMG12AB018881E,SOPMKNJ12AB018FB08,SOETNKM12A8AE47EEA
cebf0b61b2dd8883359e3247979301d79a248c37,SOOLKLP12AF729D959
4192e443e37ffa08f1cc02b10b42b4a178a09004,SOLARJV12AB018306B,SOHOTAA12A8AE45F43,SOJHCOH12A8AE45F4F,SOJQOIK12AF72A0AAF,SOPUCYA12A8C13A694,SOSXLTC12AF72A7F54
951945330eb5df161ac4f97729647514001cd102,SOXLOQG12AF72A2D55,SOSJTOL12A6D4FB4CD,SOHYOMA12AF72AC2BE
b80344d063b5ccb3212f76538f3d9e43d87dca9e,SOAKIMP12A8C130995,SODXRTY12AB0180F3B,SOVHRGF12A8C13852F,SOMLMKI12A81C204BC,SOBYHAJ12A6701BF1D,SOTFATN12A6D4FA74D,SOUKXIN12A8C133C7F,SOXZQDE12A8C135833,SONSAEZ12A8C138D7A
5a905f000fc1ff3df7ca807d57edb608863db05d,SONEYTB12AF72A73F0,SOTEPSZ12AB018C99D,SOZUPDR12A8C137FB6,SOGJPMB12A8C13A9DB,SOXCUHM12B0B8092BB,SOHBJHX12AF72A79F1,SOETHKN12AF72A65A6,SOQMRTC12A8C13B091,SOXZCIH12A8C1425F0,SOVUGCB12A8C131B45,SOIVBNO12A58A75411,SOQEFWR12A8C137A34,SOTVQBZ12A8C13B0E7,SOCVTLJ12A6310F0FD,SOMVTRL12A67AE0921,SOIVKUR12A6310F0FF,SONMKLO12AB017B593,SOAPIHX12AB0184CB1,SOMRTUH12AB0185650,SOZMNAX12A58A77F88,SOWEBRA12A6701F115,SOSQQGF12A6310F0FB,SODTJFU12B0B80C9BE,SOARBUV12A6310F1B2,SOEUTXF12A6D4FC6F8,SOEYDSK12A6D4FC6CE,SOFKTPP12A8C1385CA,SOSJDQJ12A8C13D4A9,SOZORGY12A8C140382,SODEAJC12A58A7769F,SOYIWVC12A8AE47F31,SOVOKGC12A58A7DF6B,SOXILLO12A6310F1B6,SOUEEWG12A8C139E61,SOHOTAA12A8AE45F43,SOQJLWB12A6701E7B3,SOZJHUF12A8C13E642,SORQVPO12AF72A690C,SOCHPFL12AF72A3F64,SODXNRQ12A8151B860,SOGKTON12A6D4FC6E3,SOIQUSV12A8C13A402,SOZHUUI12A6701D7B6,SOBZETO12AB018C7FE,SOYOGWU12A8AE481A6,SOOZPLQ12A6701D220,SOGLBQA12A6701E7AF,SOIWBJU12A6701CBE7,SORDUSQ12A6D4F5D47,SOTARUJ12A8C13B0DA,SOAFTRR12AF72A8D4D,SOTIDKX12A6D4FA7EA,SOGFQWV12A8C135DF1,SOPOFBW12AB0187196,SOYEVUY12A8C145F58,SOKLRPJ12A8C13C3FE,SOIJPQV12A6701F959,SOMFVZQ12A81C219E4,SODWVWI12A81C21791,SOKYRPO12A8C135E20
8465815105a293918b7f0f4b24837d93c894c89a,SOJJBVA12A58A78A79,SORJLZX12A5891F7A5,SOTJTQI12A6D4F75A2,SOMKGQN12A8C1339D2
826cb37d1226f97ccb3ba7c21a98c56fda02c120,SOBKPTT12A8AE45F67
cc62e608a1a21353e1673817973235cde4116bad,SOMSQXY12A6310D81E,SOOFYTN12A6D4F9B35,SOLSQLR12A8C1420E8,SOFRAPE12A8C132C03,SOFRPWV12AB017E58C,SOQWZAB12AB017C6F7,SOYCQJH12A8C138CF6,SOWPASM12A8C142B88,SOSKVCM12AF729D67B,SOOALOT12A8C13ABD9,SOBKEVK12AB0183FE8,SONYMUG12A8C136FE5,SOGIDSA12A8C142829,SOABNPW12A6D4FC9B5,SOSJZID12A8C13E802,SOJQCAO12AB0183B8A,SOLCKAS12A8C14242A,SOFKEDR12A8C13D381,SOLCSYN12AF72A049D,SOQNOAF12A8151AB86,SOYEQLD12AB017C713,SOKXYUW12A8C140229,SOGTFXE12AF72A8186,SOVDSJC12A58A7A271,SOETRNC12A6D4F8653,SOAFQGA12A8C1367FA,SOTFWWF12A67020F44,SOIPFGR12B0B8063CB
ea3b77e3f9b5688dc3998b2e706ea2c0ca48b8eb,SOMVUAM12A8C14416D,SOCRMJF12A81C22362
319e7ef4be6f8fcdb21b40a4f4b22679d4c59e33,SOOSPIF12A6310D880,SODCNJX12A6D4F93CB,SOISHJN12A8C144301
07caa920795cd4f20bfeeb0e192a5ddd9566ecdd,SOEORDW12A6D4FB045,SOXDJEK12A8C13D248,SOFGJCW12AF72A812D,SOYGHOJ12A6701FFBA,SOWNIUS12A8C142815,SOPFVER12AB0180FEF,SONOYIB12A81C1F88C,SOSVPIE12A6D4FA873
ebb3d26d2662c42f6304f883c150ebdb2fb05042,SOUVGVC12A58A79ED8
9b1a2cbd5d5c40fa18ca5c38fc6d5b6dc2921dc4,SOSYVNJ12AB01829E8,SONBNVV12A8151B825
672a1973a091e8ed8f4d46e3a740621f5fa4176c,SONHVVE12AB018D038
7b6801d157c41dafd3871e2a88e6d1929a48a630,SOWRMCR12A8C13BA98
14b46a393796e537e15eb2a6a2544a8f86e2e5cc,SOUVTSM12AC468F6A7,SOVEUVC12A6310EAF1,SOJGVOS12A6D4F91D4
7b4dcc25f741d2cf272d2fcfd04a032c68d38eec,SOWFIFP12A8C13A9EE,SOPJULC12A6D4F667F
b3de3bf6a0d2e5953d3095a58ee99fd362b97e8f,SOSVPIE12A6D4FA873
a56bf59af6edc5ae6c92d61ddd214989332864e8,SOASTSF12A8C1420B5
354cfdb566f543bb5b810a4d8959d974a30797fd,SOQAECM12AF729D791,SOKAFAF12A81C22FA7,SOPLUOT12A6D4F7AC3,SOIGFML12AB017F3C7
98403bb989442671e14054a9a4638338dcb67576,SOEDXFM12A8C1459E9,SOUFTBI12AB0183F65,SOMZVGZ12A8C140EFF,SOPPROJ12AB0184E18,SOUOEMP12A8C13866E,SOVDSJC12A58A7A271,SOAXGDH12A8C13F8A1,SODJWHY12A8C142CCE,SOXQYSC12A6310E908,SOBONKR12A58A7A7E0
15415fa2745b344bce958967c346f2a89f792f63,SOJCQQC12AAA15EE72,SORAHAG12AB0182BD0,SOTODTI12A8C1402D3,SOBQWQI12A8AE45E55,SONCZXW12A8C13A28A,SOEXMJG12A8C13EC18,SOOSZAZ12A6D4FADF8,SOSRJRK12AB0186FF4
6ea03299fe0e15c7dbce1a69fc1be81758c319cb,SOTJPUL12A8C133126,SOFVUHW12A8C133115,SOUEAAS12A8C133106
36c4d97ee375bfde314e938d31f7b32e7e195fd5,SOKRQNU12A67ADA22E,SOPZSEZ12A6D4F74AE
0039bd8483d578997718cdc0bf6c7c88b679f488,SOBIQWH12A8C13BCDE,SOZBZFF12A6310F12D,SOAFTRR12AF72A8D4D,SOKLRPJ12A8C13C3FE,SOHWXYC12AB017EB1D,SOHICUL12A6D4FA526,SOEHTZE12A6310F0F2,SOPXKYD12A6D4FA876,SOHKFVE12A8C13B367
43a26f554db13c6852489d2edf2614a74e9010c8,SOIEBXT12A8C1341E1,SOTWNDJ12A8C143984
b47e1ddd6072a05ad4a2ac718e6f1eca3c99d70c,SOWKQYL12AB0183B15
3600b1c31c4b777027ce8e2661936896e9a8fde3,SOLTHPK12A58A7A679,SOKTUUN12AB017E5B5,SOTCYYL12A6D4FB69F
8fa25e588aeedaa539674babb75729ac9f31f15e,SONGIPI12A8AE46162,SOVEUVC12A6310EAF1,SOGJMJH12A6702154D,SOOOZNM12A58A7B7E9
4e32e7efbea85d6f73a1cad6abb9a0863973d433,SOHWNCK12A67020845,SOHTKMO12AB01843B0,SOQGVCS12AF72A078D,SOAMIQK12A6701D94F
e3937c7c32f5b68422808a854a4a7a824ee448a5,SOIFGCB12A8C134160,SOEHHNH12AB017F715,SOETHKN12AF72A65A6,SOAUNAX12AB01876D0,SOSVDXO12A8C13EDB9,SOAZZRU12AB0182B0E,SOHXBXX12B34F2609B,SOYPOYK12AB018BE08,SOWKVVW12A8AE45E8C,SOHBIEQ12A8C13710F,SOMXPHT12AB0182BE7,SOSURCH12A6D4F7C54,SOPMYHZ12A6310F99C,SOIPSJB12A67ADD6C0,SOWVBDQ12A8C13503D,SOJCAVK12A8151B805,SOTGHQR12A8C1406C5,SODUANR12A6D4F5036,SOEDLKD12A8C1381F9,SOXCZGH12A8C13C4FE,SOIHEZR12AB0182B79,SOMQSYG12A6D4FA671,SOVZJCF12AB018A15A,SOSTHMN12A8C1334B0,SOFPCZP12A8C136B4F
57b4b9921b3eab5f8bcb76efece1accccffa1004,SOOZFCC12A58A7D783,SOXYDYD12AC95F05AB,SOXFXDH12A8C13326E,SOWSCPW12AB0182803,SOXIRXE12AB017BD94,SOGWKKA12A6702162E,SOCCYYG12AB0184DE8,SOMGPML12A8C13AE8C,SOEMAIM12AC90759AC
c18b096e15ca0adf42c11763c9535973cc4b507b,SONHVVE12AB018D038,SONYKOW12AB01849C9,SOUBZPQ12A8C13629D,SONTIBS12A6D4F9CFE
f0117aaaa329925350271431c324f4cf0468bb0c,SOYOGWU12A8AE481A6,SOTSNDR12A8AE47599
8f0e25d95d6e30f0993b9f57fca6c431d78f5a2d,SOUSZSW12AB01800C2,SOVWPNQ12A8C132A63,SOFJOSL12AB0181CA8,SOBCOWD12A6701FD78,SOUNZHU12A8AE47481,SODCADR12AF72A1A99,SOIBLKQ12AB0183E85,SOCKSGZ12A58A7CA4B,SOUYKHY12A8C145E2A,SOADMTV12A6701FA3F,SOSBLHB12AB018895D,SOYVCJU12A67AD8617,SOXKDFJ12A6D4FA8F9
930d2be6c85315d72cab9823ec0f7bfe7e477794,SOWRTJD12A8C132704,SOHYSXA12AB0186704,SOWEHOM12A6BD4E09E,SOVXBOT12A8C136816,SOILFUU12AB017C75F,SOWOMMY127F8096DF9,SOVRTPN12AB0184F9E
b44a7b18e5861d6b5c0094e43239191cbe5ff4e1,SOTEPSZ12AB018C99D,SOHLLST12A6D4F777A,SOGJPCI12A6D4F61A8,SOKTJMZ12AB018C9A0,SOKYYQU12A8AE46E26,SOMRTUH12AB0185650,SOJVBPD12A6D4F4CB7,SOBXTNN12A6D4F6B48,SOXCXKO12A8C13D693,SOHIDCT12AB018C98E,SOGECRB12AB018C9AB,SOVRTPN12AB0184F9E,SOTDIMP12AB01821E8,SOLLDVS12AB0183835,SOVUBST12AB018C9A4,SORMUIW12A6D4F4CBA
079255bdeae163a2a66f9b9e33dc6e3f0e4e6dd7,SOFLJQZ12A6D4FADA6,SOKENKR12AB01828F7
e6b4dbf8e48346fbfd233fa96cdf5daee25ae77c,SOUBZPQ12A8C13629D,SOOXLND12A6D4FE36E
d9b64b85589775e7aa0ac5fbb7fbf255f8792b4b,SOIOZHO12AB017FE5E,SOAOSDF12A58A779F1,SOJYGJQ12AB017F577,SOCANXR12A8C13898D,SOQEPOY12A58A7CEE9,SOTWWEV12AC9074E6F,SOWMBCE12A58A7B377,SOSXLTC12AF72A7F54,SOFRQTD12A81C233C0,SOIHOIQ12A8C138593,SOFJJQC127E94376A2,SOBONKR12A58A7A7E0X,SOAUWYT12A81C206F1
4f8069af6e4de72d619bda3801c0d44f8cc82719,SOLFXKT12AB017E3E0,SOOFYTN12A6D4F9B35
1a0ce538dfdb66bc665964473297990b17b4f710,SOSQAYJ12A6311082E,SOAOPCG12AC468D27E,SOPUCWY12A8C13371B,SOWKEKB12A6310E969,SOAXGBS12A6310E17A,SOCMRWF12AB018AC92
956999576244ad42d6d41faac8505fbef0a4ccc1,SOVRMVG12A8C141D0F,SOWMRSY12A8C140AA3
68a6115c99279c5fc14b2d4e2350c8b8e1560b6e,SOYLYFL12A8AE45FA4,SODWVDZ12A8C14209A
881f2e87fe2a45ae27d6e235c156c762ac3cb82a,SOOWPBJ12A8C137FB4
640ce32f473e577a2f9faecc7747cb818656512d,SOOYIHH12AB018C2C7
c537e1cbea96fc7a8a1f9ec3e07d751b5c933e1f,SOUDBWL12A6D4F8155
c11f385c46ee197327cfe84d4b13f2b95639ca42,SOIAEHG12AB0189E58,SOICXDQ12B0B80AF87,
2341121b6d6d2020303f02053dad60586e41034d,SOSCIZP12AB0181D2F
25fc0200450bbf726c8511fabe31ecfdb81732eb,SOHKKLT12A58A7C1C2,SOKDQQY12A6D4FBF14,SONMNYH12A8C131C99,SOPRQRO12AB018906E,SOODSPH12AB01819C3,SOILFUU12AB017C75F,SOPBUCH12A6D4FBF0C
4b73abafd2a8309c29695ce368bbf17ab32f3d3a,SOKIRBO12A8C13F155,
d410ef7af76c35f1e84746d8c4467293ecda3cc4,SOJSZKL12A8C13A691,SOWAOGL12B0B80AF67,SOKBRAQ12A6D4F8FEC,SOVPVKH12A8C133388
390c2e81bc9cf885608a0891c0a7eb13f1fd3336,SOEYVHS12AB0181D31,SOHYSXA12AB0186704,SOFKFXC12AC90732A5,SOTEGWG12AB01897AC,SOPPROJ12AB0184E18,SOAXGDH12A8C13F8A1,SOGSAYQ12AB018BA14,SOXWYZP12AF72A42A6,SOULTKQ12AB018A183,SOUJVIT12A8C1451C1,SOKLRPJ12A8C13C3FE,SOPQLBY12A6310E992,SOUSMXX12AB0185C24,SOFVZRE12A8C139783,SOANQFY12AB0183239,SOGPBAW12A6D4F9F22,SOAUWYT12A81C206F1
a3fb99d74a6e78329d34fa30f8bfff25442bbc5a,SOVRTPN12AB0184F9E,SOUTGUB12AB017DC5B
b4e32cdb654ab914a0ac73d2bbc5cae142da405a,SOYSJUV12A8C139DCE,SOMSWGY12AB017F755
e376b24d90c39bdc1eb4b184b0e1374f2c112801,SOVGLTY12AF72A39CD,SOJSTYO12A8C13F200,SOWQMMX12AB017DBE2,SOKMXEQ12A6D4F6AA8
d3284cec0f3d1f36f44e73c0e834d657ca39b61a,SOZNUNA12A6701FCC7,SOCQSDB12A6D4FA5D2,SOMKFAH12A6701BEDF
4d4abafb7dd7a30206747398c9225f3e06942b3f,SOLLNTU12A6701CFDC,SOFRBUK12A67AD80D7,SOZBZFF12A6310F12D,SOMFUWK12A6D4F8AFA,SONGIXY12A58A7BB42
5e161b9e14f303a0cef2d3f44d07dd946549f89f,SOHFJAQ12AB017E4AF,SOMCWAZ12A67ADBCE3,SONFKWU12AF72A99BE
403b3b867fc71dfdcc12652f30e88bdc7ccd9aa4,SOUXBNY12A8C13BADB,SOXPZKE12A6D4F93C9
3cffdcdc03294b3712ad65df7d9701a655b4b735,SOZXEZV12A6D4F737F,SOQZBYZ12A6701E7B0,SOKEEKD12AB0188B39,SOIWBJU12A6701CBE7,SONQSBF12AF72ABB86,SOMHMQW12A8C14098B,SOKVTGU12A6701E7B1,SOYVSHP12A6702016E,SOHSQWQ12AB0184CE2,SOTOKSY12AB017E7FE,SOQJLWB12A6701E7B3
22d652f8891ba2186a4ce3ee8de7c192148108ef,SOFFEUI12A8C142F4E,SORVYXQ12AB018C994,SOPHBRE12A8C142825,SOQAJHW12AB0186004,SOVDLZN12AB0185BEA,SOAPLOI12AB018CCF4,SOJVZFM12A8C1401CF,SOUGCDK12AC95F075F,SOWNIUS12A8C142815,SOGIDSA12A8C142829,SOWRMTT12A8C137064
52df18b9b1235ac56507cb4119fc5b3f6f010dcd,SOWFPLI12A6310DFA1,SOHVRUU12AB017BA26,SOONTLJ12AF72AC017,SODWYNA12A58291E88,SONPMUF12AB018B612,SOHRZXH12A6D4FAB1A,SOCAJUZ12A6701E555
17aa9f6dbdf753831da8f38c71b66b64373de613,SOEOJHS12AB017F3DC,SOGKHRQ12AF72A4231,SOYDTIW12A67ADAFC9,SOHXSEH12A67020A2D,SOLHEHV12A8C13ECB2,SOBDVAK12AC90759A2,SOVPXOH12AB0180112,SONMERX12AF72A6002,SOXJLLK12A8C139E3D,SOCRMJF12A81C22362,SOVRGXP12AB017D2B9,SOFMFXK12A8C13C658,SOJVPDY12AF72A1B04,SOBVKFF12A8C137A79,SOXNGDE12AB018C7A4,SOPZBNV12AB0187D8B,SOEMAIM12AC90759AC,SOJITNW12A8C13D951
76b24d33cc0b5776e23296ecd373d90b7d38aa16,SOZVVRE12A8C143150,SOHYLXU12A8C139492
16f5dc37b96c153c462bf306ceef36112d36346e,SOJCPIH12A8C141954,SOKBRAQ12A6D4F8FEC,SOZPLKR12A6D4F8421,SOKYHYL12A8C13D79D,SOHNKEU12B0B80C9B1,SOMQHZK12A6D4F8074,SOFWLKW12A6701EA62,SOEKZAZ12A8C134536
bcb944b714cd54d7e263b21c49074d6a147479a1,SOVDSJC12A58A7A271,SONQCXC12A6D4F6A37
29e030a1eea04c06837b466a5328bf55133c84ae,SOFSGBJ12A8AE4645B
175fb4d4bf89b82021524e9485fffd47c3ab1aaf,SOJSZKL12A8C13A691,SOZKLCM12A8C13A69B
7c593e9db9a77a2dc8d3d975bb837422d1b0242a,SOEWNJA12A67AE110B,SORGVYS12A8AE48882
baf47ed8da24d607e50d8684cde78b923538640f,SOFQMHG12A6701E781,SOUZDWT12B0B80BC62,SOJLKYA12A58A7AB67,SOIRUXQ12A8C133060,SORWPCP12A8C13B9D8,SOHGJRQ12AB018CD0C
ca80fbb6d0deb3cae53763099e2cae7306f005ec,SOBIXFH12A6D4F7823,SOSNQVS12A6D4F7825,SOFPRTU12A58A76BEE,SOKLADX12A8C13AA37,SOKAQBY12AB0185614
270dffee86b3e7bfb81892f5ae2c60c1d2f15839,SOEOJHS12AB017F3DC,SOSXSMM12B0B808B45,SOPGQBM12A6D4F6797,SOPPROJ12AB0184E18,SOLFXKT12AB017E3E0,SOBBKGF12A8C1311EE,SOHNDIB12A58A79AB1,SOADOQJ12A8AE45C7E,SOTCMDJ12A6D4F8528,SOCFPSZ12A6D4FCA89,SOUAATH12A8C133A97
399793ee5842e6f5b0b7f04fa5ec402454e2fe34,SOPXKYD12A6D4FA876
f75f28e55687cb252e52f50cf93ec5be7bff5e97,SOKLHVK12A8C13404F
999902c7302ca251b23f5c0d643debce084076d3,SORGIAF12A81C224C2
6251be155cbf0728f2528bb02951e0bc6c11acb2,SOYSADG12A8AE47F2C,SOTORXA12A58A79338,SONNNEH12AB01827DE
0c1a6a1fc9b0e6df616c5bddace2559a7952ebe5,SOCUQMK12A8C135B78
6ebd0e701753b9573d479bd53811a8788dba09d9,SOVJTTZ12AB017F48F,SOPUSNZ12A6D4F9684,SOAXGDH12A8C13F8A1,SOCRCNK12A8C133AA7,SOQHCTH12A67AE1F2D,SOICKOC12A6701C603,SORVEKH12A6D4F6CF2
6df748807f979d27c638229f6dd1d39a9a0b7f61,SONCQKA12A6D4F825E
38101377960ae50c563e4c7e9e719dd2d4b4991e,SOJTEOO12A6D4FDB95,SOGGZKO12A8C136C79,SOEHWGF12A6D4F8B2B,SOWSLRB12AB0186DD3,SOOYTMS12A8C1380DA,SOQNSQS12A8C136C80,SOZBDZN12A8C130C7B,SOBZCWJ12A58A7C659
a36834ff1c3910e685a9787e4d16aade6f4d3294,SOLLNTU12A6701CFDC,SOFGTCQ12AB01812C8,SOWTICW12A6D4FB01C,SOGLRDV12A6D4F6D73,SOOROCA12AF72A07D1,SOJPDQA12A6D4FA280,SONHVVE12AB018D038
dd67a78d5f9d8140a0d83849441ca1807f7ea790,SOUDLVN12AAFF43658,SOKUPAO12AB018D576,SOBOAFP12A8C131F36,SOPUCYA12A8C13A694,SOFKABN12A8AE476C6
5462b5897ac839f2e0a9b0a8e824c30dc7f30cd5,SOBIMTY12A6D4F931F,SOGJJON12A67AD9554
732f88be38fae217f8ab7e24c20dd072436e3e40,SONEYTB12AF72A73F0,SOLXYFV12A8AE45FE3,SOZQOLR12A8C136B84,SOQWZAB12AB017C6F7,SOKRACG12A8C1438AC,SOMONAP12AB0181D21,SORWOWP12AB017C298,SOUFJIP12A58A78B0D,SOFKTPP12A8C1385CA,SOCATVQ12A8AE46CF4,SOUUJMQ12A8C141D32,SOXDFVJ12A6D4FD18A,SOPMDSY12AF72A0C6F,SOUQQWB12AB01828AB,SOSVEAD12A8AE46FFA,SOXLSSJ12A81C217B2,SOUGOHW12AB018AEA3,SOFOZNF12A67020862,SOLPVAQ12AB017EB35,SOSYVNJ12AB01829E8,SOBILME12A6701EEAB,SOLVSWA12AF72A2C5F,SOHJSRO12A8C13D385,SOWRJIP12A8C14253B,SOFWNCW12A8151B81A,SOTYKBX12AB0184045,SOWRGDS12A6D4F94EE,SOGKEGN12AB0185355,SOBHXWK12A6D4FD10E,SOYIZSN12A6701E0BB
adbd40c4f3fe78e7f49f491ea04859ea07de1ed1,SOQFGZQ12A6D4F7EF4,SOTBSEI12AB01851EA,SOLIOLC12AB017C272,SORWOWP12AB017C298,SORKZFB12A6D4FCABC,SOHJOLH12A6310DFE5,SOMGPML12A8C13AE8C
9c08ae642cda7f69dfa3f00c4593c848409bbfff,SOSROFB12AAF3B4C5D,SOXQROF12AB0186B1D,SOCVUET12AB01804C0,SOULTKQ12AB018A183,SOFRQTD12A81C233C0,SOTMLOE12A8C133F15,SOSVDRD12A67ADAEF1,SOUKMKR12A8C141925
db3ce83a853d8185d34e02c1dc817d7989475b88,SOFPSZV12A6D4FBBFA,SOVDSJC12A58A7A271,SOZLFRB12A58A7D70D,SOOXREU12A8C132CEA,SOUELYE12A8C14078F
5c855c96196f23de17179bf5ff3a46bbbe4ed45f,SOIBSWV12A6D4F6AB3,SONPPVD12AB0185514,SOPAXFR12AF729EFD8,SOAEHEX12A8C13EFA4
8dcb524ff75e0ad0f0a80aaccadf7bbaa3b89a41,SOIXXSG12A8C13C400,SOPTWHL12AB01843C8,SOUCEBW12AB018A201,SOJLLOM12A8C1437AA,SONQSBF12AF72ABB86,SOZORGY12A8C140382,SOGJFZJ12AB017C2B5,SOUXLHG12AB017C30C,SOGRSUM12A8C13480A,SOQTFOR12A6D4F612A,SOLYQKS12A6D4FA42B,SONZSVJ12A67AE0924,SOPPHBW12AB018C800,SOFRCGW12A81C21EA6
8207221df7894bb773bbe9814a4a8ef81b57acca,SOGOPZL12A8C13CC50,SOANSPC12A6702154A,SOOISOS12A6701E086,SOZGDUH12AF72A6DB2,SOOELFX12A8C135B14,SOKKUJN12A63110824,SOPEGIG12A6D4F8CAB,SOPWZGK12A67020744,SOECFYD12A81C203CE
78e0065cacc15d6329be91b77045f12ab18cbea5,SOWASXJ12A6701E2D3,SOQTAYJ12A8C141FCD
aed57ad1b08eea72bc966a49e37802186312c199,SOOCSWQ12A8C143B7C
0b9a6a7975b818259222ae7434a1095834d25b92,SONZWDK12A6701F62B,SOBNSME12A6701E2FD,SOODHLO12AF72A1980,SOSXLTC12AF72A7F54,SOSRIAT12AB017A92E
12497e138741a0b94bb36a14bef32c9d0ee20fec,SOWKRRE12A6702073E,SOQESGV12A679AE594,SOBADEB12AB018275F,SOSPXWA12AB0181875,SOMFUWK12A6D4F8AFA,SOGTGJR12A6310E08D,SODBTXH12AB01896E8,SOOHCLI12A6D4FBFE2
d54a8a0b993841db5180018f61434a7b481830c0,SOOEPXZ12A8C138EDA,SOOZVES12A6D4F7795
332de6dcfc5b597500a661ab51a84653705b492b,SODCNEE12A6310E037,SOCPROP12A8C1336EE,SONIQRE12AF72A2B02,SOSOVYB12AB01845F0,SOMNXML12A6D4F8386
b5bb5b4df58032a1c72f2110fcd0c2e30c86b29d,SOOJMUX12A58A76D02
3ff7a31452eeabd7a4e07f0d243c674e3d0adf46,SODOZXB12A8C13CD55,SOSHVEI12AF729AF6B,SOVXELC12A8AE45ACD,SOTWWEV12AC9074E6F
83d749fe111a23344f4b347a25ee653d66396e64,SOEPJEF12AF72A44DA,SODEIFT12AB0189E54,SOHPNUP12A8C1431B4,SOTHABI12A58A7DACB,SOKIVKJ12AB0183424,SOKEUYU12A67ADF7E6
e2ab3d64f84052226d05c89c4fff779a52bff97f,SOWFIFP12A8C13A9EE,SOZNSDT12A8C13CE48,SOLZEED12A6D4FA8C9,SOBQODG12A8C13ECFF,SONBBTB12A6D4F7898,SOSHMSE12A8151BA42,SODEYDM12A58A77072,SOQHUWL12A8C1334D8
a0c568ae4db80d68428a3d6c4a3aa6157d611c02,SOXWOGG12AB018363A,SOXACZF12A6D4FB153
f84f5b5a5c5d1d9fb4866f6488e0d2661b54c192,SOPBRJY12AF72A4440,SOGCWZS12A6701FCAC,SOUSMXX12AB0185C24,SOJDJPF12AF729D6F4,SOLRGNF12AB0187CF4
2b79b0776bb0a23e1685e18be12bb54a47cdf6cd,SOAXJHW12A81C21E1F,SOAYSMC12A67020927,SOGPBAW12A6D4F9F22,SOWRMCR12A8C13BA98
c0b20c353055f4e82f098a41f5ce268007379b47,SOUVTSM12AC468F6A7,SOLWZVR12AB01849C6
bdc7c976ce178aa4e75bbf9874fdaf327f3d3fe2,SOTCDXR12A679D7E5E
e5b3fb84605d5b6df927cbeaa1dce013fb672542,SOTKTQG12A6BD5294E,SOXTGDT12AF72A25E5,SOPWRJY12A67ADE34C
d253ea7a210de16f723a165fd8525e8fc73f3939,SOFUDED12A81C218BD
73c3ca3eb795705018c5bded9cd6a5559cf62933,SOIBBRA12A8C13BA94,SOUVGJL12AB017FC35,SOTOVIL12A8C133FAA
37029a65b9925fb3c1964774fcab695b82955f76,SOAUFID12A8C13AF6C,SOCLMAD12AB017FC09,SOBWSGV12AB018B5E0,SOYXJFI12AB0189359,SOJPYXL12A8C13359C,SOLCHMG12AB018422E,SOFPPNM12AB01852A3,SOXHPVI12A6D4F903A,SORNJQU12AB01821FA,SOVAUWH12AB01857EA
405d396ea64d75b5eaefaaf8ac836f45fa56af4d,SOHYRWW12A6D4F7A41,SOLGNBX12AF72A7737,SODDSHS12AAF3B1D3B
97cd6b9403a63af8b37839f959e1758a3923539f,SONQJUZ12A67ADE98C,SOJQCAO12AB0183B8A,SOAIAAT12A8C145D49,SOLMIUU12A58A79C99,SOFISNS12A67ADE5FF,SOVQJRY12A81C210C0,SOWWMSE12A6701FC2E,SOIGCPA12A58A79382,SOQRVLL12AB0184BD7,SODACBL12A8C13C273
85de112e63c6c3b4272ae71fa2ba2c5fd9e3032c,SODUGLL12A58A7A92C,SOBBVDC12AB01806C6,SOWVEND12AB0183608,SOQJIBN12A6D4F651F,SOUGFVS12AB01858DB,SORIMSM12A6D4FB2D5,SOMBGAL12AB0181F7F,SOMHTUR12A6D4F8764,SOJLWFC12A8C14405F,SOSJRJP12A6D4F826F,SOBLLXY12A8C140136,SONIJFN12A6D4F7A7A,SONFKWU12AF72A99BE,SOLRPJX12A58A79808,SONIAKP12A8C130514,SODYURC12A6701F0D0
f0c186575b271f43a16ff2325657b4377c72559d,SOXARYC12A6D4FAC38,SOAOAWR12A58A7B7BE,SOZEGGJ12A6701C0BF
31897482e3e42923f011085ab9efb12a9d2539ce,SOBZXCU12A67AE1818,SODKEQZ12AF729EB20